Device,Time (s),Accel X,Accel Y,Accel Z,Gyro X,Gyro Y,Gyro Z,Annotation
M5-IMU-Janice,2.403693199157715,-0.2,9.68,-0.87,-0.08,0.1,-0.01,Unmarked
M5-IMU-Janice,2.508793830871582,-0.11,9.72,-0.87,-0.06,0.08,-0.02,Unmarked
M5-IMU-Janice,2.614436388015747,0.01,9.68,-0.77,-0.03,0.08,-0.05,Unmarked
M5-IMU-Janice,2.7043299674987793,-0.21,9.66,-0.77,-0.02,0.07,-0.07,Unmarked
M5-IMU-Janice,2.809401035308838,-0.39,9.69,-0.77,-0.01,0.06,-0.05,Unmarked
M5-IMU-Janice,2.9143927097320557,-0.33,9.67,-0.8,-0.0,-0.0,0.11,Unmarked
M5-IMU-Janice,3.003196954727173,0.05,9.67,-0.84,0.02,0.03,0.17,Unmarked
M5-IMU-Janice,3.107815742492676,0.16,9.75,-0.84,0.02,0.1,0.08,Unmarked
M5-IMU-Janice,3.2140278816223145,0.13,9.71,-0.96,0.01,0.07,0.02,Unmarked
M5-IMU-Janice,3.304109573364258,0.18,9.72,-0.89,-0.0,0.02,-0.07,Unmarked
M5-IMU-Janice,3.408895254135132,0.08,9.76,-0.91,-0.02,0.0,-0.19,Unmarked
M5-IMU-Janice,3.514327049255371,-0.29,9.59,-0.85,0.02,0.03,-0.26,Unmarked
M5-IMU-Janice,3.60626482963562,-0.55,9.55,-1.02,0.03,-0.05,0.02,Unmarked
M5-IMU-Janice,3.7106947898864746,-0.08,9.73,-0.94,0.01,0.0,0.02,Unmarked
M5-IMU-Janice,3.8292529582977295,-0.31,9.67,-0.99,0.0,-0.01,-0.05,Unmarked
M5-IMU-Janice,3.949028730392456,-0.4,9.64,-1.05,0.01,-0.0,0.05,Unmarked
M5-IMU-Janice,4.008779287338257,-0.3,9.64,-1.02,0.03,-0.01,0.03,Unmarked
M5-IMU-Janice,4.128470182418823,-0.43,9.61,-1.13,0.03,-0.04,0.03,Unmarked
M5-IMU-Janice,4.248721122741699,-0.21,9.69,-1.09,0.03,0.02,0.02,Unmarked
M5-IMU-Janice,4.308877944946289,-0.25,9.68,-1.11,0.01,0.01,0.01,Unmarked
M5-IMU-Janice,4.430377721786499,-0.19,9.63,-1.12,0.02,0.02,-0.01,Unmarked
M5-IMU-Janice,4.548739433288574,-0.28,9.62,-1.19,0.01,0.02,-0.02,Unmarked
M5-IMU-Janice,4.610012054443359,-0.3,9.66,-1.21,0.01,0.01,-0.01,Unmarked
M5-IMU-Janice,4.729880332946777,-0.26,9.62,-1.14,0.0,-0.01,-0.0,Unmarked
M5-IMU-Janice,4.850451469421387,-0.19,9.63,-1.16,0.02,-0.0,-0.01,Unmarked
M5-IMU-Janice,4.910508632659912,-0.31,9.61,-1.25,0.02,-0.0,-0.02,Unmarked
M5-IMU-Janice,5.028624057769775,-0.35,9.68,-1.28,0.0,-0.01,0.01,Unmarked
M5-IMU-Janice,5.149075031280518,-0.41,9.68,-1.34,-0.01,-0.02,0.01,Unmarked
M5-IMU-Janice,5.209094047546387,-0.31,9.63,-1.32,-0.02,0.0,0.0,Unmarked
M5-IMU-Janice,5.3278586864471436,-0.3,9.64,-1.28,-0.03,0.01,0.01,Unmarked
M5-IMU-Janice,5.449779510498047,-0.3,9.6,-1.22,-0.04,0.02,0.0,Unmarked
M5-IMU-Janice,5.510576248168945,-0.3,9.57,-1.19,-0.03,0.06,-0.01,Unmarked
M5-IMU-Janice,5.687887907028198,-0.38,9.58,-1.16,0.01,0.05,0.0,Unmarked
M5-IMU-Janice,5.750362396240234,-0.29,9.58,-1.18,0.02,-0.03,-0.04,Unmarked
M5-IMU-Janice,5.809774398803711,-0.37,9.61,-1.23,0.04,-0.05,-0.01,Unmarked
M5-IMU-Janice,5.9289870262146,-0.3,9.57,-1.29,0.07,0.04,-0.03,Unmarked
M5-IMU-Janice,6.049417018890381,-0.55,9.56,-1.43,0.06,0.13,-0.02,Unmarked
M5-IMU-Janice,6.109224319458008,-0.63,9.6,-1.51,0.04,0.06,-0.03,Unmarked
M5-IMU-Janice,6.228032350540161,-0.62,9.63,-1.6,0.0,-0.06,0.0,Unmarked
M5-IMU-Janice,6.349208831787109,-0.37,9.62,-1.59,-0.02,-0.05,0.0,Unmarked
M5-IMU-Janice,6.4090611934661865,-0.51,9.54,-1.52,-0.03,-0.09,0.03,Unmarked
M5-IMU-Janice,6.53085732460022,-0.21,9.56,-1.4,-0.04,-0.0,0.02,Unmarked
M5-IMU-Janice,6.648782014846802,-0.43,9.6,-1.57,0.01,0.04,0.05,Unmarked
M5-IMU-Janice,6.7694079875946045,-0.39,9.59,-1.44,0.01,0.02,0.02,Unmarked
M5-IMU-Janice,6.828698396682739,-0.25,9.46,-1.41,0.0,0.06,-0.04,Unmarked
M5-IMU-Janice,6.950187921524048,-0.45,9.55,-1.53,0.01,0.06,-0.02,Unmarked
M5-IMU-Janice,7.009779453277588,-0.57,9.66,-1.49,0.01,-0.05,-0.02,Unmarked
M5-IMU-Janice,7.128911018371582,-0.4,9.68,-1.54,0.03,-0.01,0.02,Unmarked
M5-IMU-Janice,7.2497382164001465,-0.36,9.56,-1.52,0.02,0.04,-0.02,Unmarked
M5-IMU-Janice,7.310486078262329,-0.49,9.6,-1.66,0.01,0.02,0.05,Unmarked
M5-IMU-Janice,7.42972993850708,-0.29,9.61,-1.65,-0.01,0.04,0.02,Unmarked
M5-IMU-Janice,7.548285961151123,-0.31,9.58,-1.62,-0.02,-0.04,0.02,Unmarked
M5-IMU-Janice,7.608619689941406,-0.34,9.58,-1.56,-0.04,-0.03,0.02,Unmarked
M5-IMU-Janice,7.729607582092285,-0.28,9.58,-1.59,-0.04,0.01,0.0,Unmarked
M5-IMU-Janice,7.8507983684539795,-0.35,9.65,-1.5,-0.06,0.01,-0.0,Unmarked
M5-IMU-Janice,7.909860372543335,-0.29,9.63,-1.49,-0.06,-0.01,0.01,Unmarked
M5-IMU-Janice,8.029666423797607,-0.37,9.56,-1.54,-0.04,0.02,0.01,Unmarked
M5-IMU-Janice,8.149386882781982,-0.24,9.53,-1.47,-0.04,0.02,0.0,Unmarked
M5-IMU-Janice,8.20936393737793,-0.37,9.57,-1.48,-0.03,-0.01,0.02,Unmarked
M5-IMU-Janice,8.32924199104309,-0.07,9.65,-1.38,-0.0,0.09,0.02,Unmarked
M5-IMU-Janice,8.449421644210815,-0.36,9.72,-1.38,-0.02,0.02,0.04,Unmarked
M5-IMU-Janice,8.509485721588135,-0.3,9.42,-1.46,-0.01,0.11,0.02,Unmarked
M5-IMU-Janice,8.629331111907959,1.32,8.78,-0.14,-0.55,0.26,0.03,Annotated
M5-IMU-Janice,8.750181436538696,1.04,9.04,-0.95,0.61,0.76,0.12,Annotated
M5-IMU-Janice,8.809790134429932,0.82,9.47,-1.39,0.35,-0.22,0.32,Annotated
M5-IMU-Janice,8.929858922958374,1.16,9.43,-3.4,0.35,0.14,0.25,Annotated
M5-IMU-Janice,9.04941987991333,0.55,9.28,-3.27,0.1,0.18,0.24,Annotated
M5-IMU-Janice,9.10829496383667,0.86,10.97,-2.46,-0.05,0.53,0.85,Annotated
M5-IMU-Janice,9.22866702079773,-1.88,14.14,-0.29,0.47,1.12,2.33,Annotated
M5-IMU-Janice,9.350239276885986,-3.31,13.24,-4.11,1.64,-2.67,3.47,Annotated
M5-IMU-Janice,9.409485578536987,-5.97,3.06,1.59,-0.71,-1.68,-3.56,Annotated
M5-IMU-Janice,9.587323665618896,16.29,15.69,-13.61,-3.13,-2.94,-3.98,Annotated
M5-IMU-Janice,9.647426843643188,-14.62,3.51,2.97,-0.97,4.23,-3.94,Annotated
M5-IMU-Janice,9.70845627784729,-4.71,17.48,-3.37,-0.66,1.3,0.43,Annotated
M5-IMU-Janice,9.829198837280273,-0.85,9.41,-2.25,0.39,0.19,0.35,Annotated
M5-IMU-Janice,9.94844937324524,-1.64,9.31,-2.94,0.31,0.58,0.07,Annotated
M5-IMU-Janice,10.008320093154907,-0.4,9.67,-2.81,0.06,0.3,0.07,Annotated
M5-IMU-Janice,10.129470586776733,-0.62,9.14,-2.56,-0.29,0.03,-0.14,Annotated
M5-IMU-Janice,10.249315023422241,-0.02,9.39,-1.85,-0.07,-0.06,-0.03,Annotated
M5-IMU-Janice,10.308826208114624,0.03,10.03,-1.93,0.17,-0.09,0.14,Annotated
M5-IMU-Janice,10.427814960479736,-1.26,9.04,-2.4,0.06,0.57,0.17,Annotated
M5-IMU-Janice,10.548992156982422,0.1,9.09,-2.44,-0.05,-0.31,0.06,Annotated
M5-IMU-Janice,10.608227729797363,-0.29,9.62,-1.92,0.08,-0.5,0.15,Annotated
M5-IMU-Janice,10.728743553161621,-0.49,9.22,-2.44,0.19,-0.39,0.39,Annotated
M5-IMU-Janice,10.84865689277649,0.71,9.2,-1.97,0.29,-0.11,0.25,Annotated
M5-IMU-Janice,10.909243822097778,2.66,9.64,-1.72,0.4,-0.18,0.32,Annotated
M5-IMU-Janice,11.02805495262146,2.02,8.89,-1.98,-0.14,0.96,-0.26,Annotated
M5-IMU-Janice,11.148743629455566,0.63,9.22,-3.22,-0.34,-0.09,-0.31,Annotated
M5-IMU-Janice,11.20909595489502,-0.49,9.07,-3.0,-0.39,0.2,-0.27,Annotated
M5-IMU-Janice,11.32857894897461,0.56,9.54,-1.75,0.04,-0.2,0.04,Annotated
M5-IMU-Janice,11.448521614074707,0.42,9.53,-2.39,0.08,-0.13,0.19,Annotated
M5-IMU-Janice,11.507936716079712,0.57,9.3,-3.02,-0.02,-0.09,0.11,Annotated
M5-IMU-Janice,11.629418134689331,0.5,9.41,-2.67,-0.08,-0.36,-0.1,Annotated
M5-IMU-Janice,11.807384490966797,0.48,9.58,-2.52,-0.0,0.07,-0.02,Annotated
M5-IMU-Janice,11.80836009979248,0.36,9.48,-3.12,0.08,0.16,0.1,Annotated
M5-IMU-Janice,11.92780089378357,0.55,8.97,-1.64,-0.02,-0.14,0.11,Annotated
M5-IMU-Janice,12.049339771270752,1.71,9.79,-2.66,0.09,0.45,0.02,Annotated
M5-IMU-Janice,12.108709812164307,1.76,9.67,-2.86,-0.19,0.25,-0.34,Annotated
M5-IMU-Janice,12.229036331176758,0.75,9.39,-1.77,-0.28,-0.41,-0.34,Annotated
M5-IMU-Janice,12.348905563354492,-0.41,9.03,-2.04,-0.19,-0.16,-0.36,Annotated
M5-IMU-Janice,12.408977746963501,-0.47,9.3,-2.04,-0.13,0.34,-0.17,Annotated
M5-IMU-Janice,12.528871059417725,-1.16,9.38,-1.77,-0.11,0.27,0.12,Annotated
M5-IMU-Janice,12.649011611938477,0.11,9.69,-1.38,0.02,-0.21,0.77,Annotated
M5-IMU-Janice,12.708579778671265,-3.26,16.57,-1.99,0.58,0.58,1.43,Annotated
M5-IMU-Janice,12.829502582550049,-19.61,0.8,6.87,-2.75,-4.37,-1.27,Unmarked
M5-IMU-Janice,12.949334383010864,19.46,-0.98,-19.61,-2.11,-4.37,1.97,Unmarked
M5-IMU-Janice,13.009455919265747,3.81,3.82,1.37,0.7,2.01,0.03,Unmarked
M5-IMU-Janice,13.130297422409058,0.74,9.46,0.34,0.5,-0.12,0.1,Unmarked
M5-IMU-Janice,13.250498294830322,0.17,10.27,-0.5,0.03,0.93,0.11,Unmarked
M5-IMU-Janice,13.308751344680786,0.88,10.09,3.16,-0.76,-1.47,0.87,Unmarked
M5-IMU-Janice,13.43019986152649,-1.41,12.39,-1.34,-0.71,-0.0,1.53,Unmarked
M5-IMU-Janice,13.550788402557373,-6.63,12.9,-2.54,-0.76,-2.33,3.13,Unmarked
M5-IMU-Janice,13.60988473892212,-5.06,3.51,-1.79,0.95,-4.37,-0.55,Unmarked
M5-IMU-Janice,13.730512142181396,-3.34,9.96,-2.3,0.71,-4.15,-4.19,Unmarked
M5-IMU-Janice,13.849298238754272,19.46,9.29,-11.39,0.18,0.28,0.91,Unmarked
M5-IMU-Janice,13.909460067749023,2.89,6.34,1.21,0.96,3.78,-0.1,Unmarked
M5-IMU-Janice,14.02824854850769,-2.9,9.55,-1.7,-0.07,0.06,0.27,Unmarked
M5-IMU-Janice,14.147849082946777,-1.58,9.9,-2.96,0.25,0.58,0.1,Unmarked
M5-IMU-Janice,14.209545850753784,-1.56,10.68,-2.02,0.05,0.27,1.32,Unmarked
M5-IMU-Janice,14.33034348487854,-19.61,-5.06,4.28,1.23,-2.29,-0.64,Unmarked
M5-IMU-Janice,14.450096368789673,12.27,0.85,-4.27,0.77,2.73,-0.55,Unmarked
M5-IMU-Janice,14.509528636932373,-0.34,9.99,-1.35,-0.49,3.22,0.31,Unmarked
M5-IMU-Janice,14.629558563232422,-1.8,9.45,-0.74,-0.07,-0.14,0.33,Annotated
M5-IMU-Janice,14.750499963760376,-0.77,12.78,1.16,0.29,-0.35,0.86,Annotated
M5-IMU-Janice,14.809346675872803,-2.75,11.03,-1.14,0.33,-1.33,1.63,Annotated
M5-IMU-Janice,14.928936958312988,-3.19,5.56,3.47,-0.71,-0.64,-2.88,Annotated
M5-IMU-Janice,15.049263954162598,18.96,12.92,-12.03,-0.63,-1.12,-0.73,Annotated
M5-IMU-Janice,15.108045101165771,7.93,7.76,-3.82,0.67,3.63,0.38,Annotated
M5-IMU-Janice,15.228712797164917,3.43,8.51,-2.45,-0.04,-2.45,0.64,Annotated
M5-IMU-Janice,15.348762512207031,4.27,10.26,-1.81,0.26,0.44,1.83,Annotated
M5-IMU-Janice,15.408730030059814,-10.56,11.96,1.25,-0.41,0.54,-0.62,Annotated
M5-IMU-Janice,15.528727531433105,1.14,9.65,1.17,-0.54,1.73,0.5,Annotated
M5-IMU-Janice,15.648582220077515,-2.04,10.36,-1.87,0.61,0.36,0.62,Annotated
M5-IMU-Janice,15.708928346633911,-7.21,12.33,-1.43,0.29,1.31,1.07,Annotated
M5-IMU-Janice,15.828260898590088,-2.93,9.22,1.1,-0.09,-0.77,-2.05,Annotated
M5-IMU-Janice,15.948922395706177,10.94,8.47,-2.75,-1.37,-0.71,-1.87,Annotated
M5-IMU-Janice,16.009281635284424,3.49,9.95,-7.19,0.55,3.23,-2.52,Annotated
M5-IMU-Janice,16.129165172576904,10.6,15.45,-2.77,1.23,-2.78,-0.55,Annotated
M5-IMU-Janice,16.306876182556152,2.94,10.46,-1.6,0.03,-0.49,1.38,Annotated
M5-IMU-Janice,16.30852484703064,-0.42,10.67,-0.52,0.32,0.46,1.76,Annotated
M5-IMU-Janice,16.429011344909668,-3.74,12.44,-1.67,0.24,2.11,1.09,Annotated
M5-IMU-Janice,16.54884672164917,-11.57,8.58,1.13,-0.15,0.44,-0.66,Annotated
M5-IMU-Janice,16.608853578567505,1.58,11.06,0.0,-0.55,-2.22,0.7,Annotated
M5-IMU-Janice,16.729013442993164,0.22,12.54,-1.03,0.38,-2.11,2.25,Annotated
M5-IMU-Janice,16.849820852279663,-1.87,8.27,0.13,-0.26,-1.04,-1.13,Annotated
M5-IMU-Janice,16.908385038375854,2.66,8.06,-1.67,-1.01,-1.93,-2.9,Annotated
M5-IMU-Janice,17.0291805267334,11.43,9.08,-3.84,-1.11,0.58,-1.81,Annotated
M5-IMU-Janice,17.148706197738647,0.51,19.46,7.49,0.9,4.33,-2.29,Annotated
M5-IMU-Janice,17.20806312561035,-2.92,7.18,1.34,2.7,-1.63,0.3,Annotated
M5-IMU-Janice,17.328377962112427,1.71,9.69,0.17,0.56,0.04,0.97,Annotated
M5-IMU-Janice,17.447981119155884,5.11,10.01,-3.55,0.55,2.21,1.08,Annotated
M5-IMU-Janice,17.508903741836548,-14.74,7.1,2.77,-0.66,-0.39,0.31,Annotated
M5-IMU-Janice,17.629164695739746,-2.38,11.9,-3.54,1.37,-4.37,0.2,Annotated
M5-IMU-Janice,17.74929904937744,3.24,9.74,0.14,0.0,0.18,0.45,Annotated
M5-IMU-Janice,17.80892324447632,0.57,10.18,0.15,0.0,0.05,-0.05,Annotated
M5-IMU-Janice,17.987526893615723,1.74,11.3,1.72,0.06,0.66,0.38,Annotated
M5-IMU-Janice,18.049063682556152,7.08,15.03,-5.24,-0.41,-3.31,3.01,Annotated
M5-IMU-Janice,18.107531785964966,-7.9,7.97,-2.86,-0.72,3.2,0.53,Annotated
M5-IMU-Janice,18.22842049598694,-5.27,5.95,2.14,-0.27,0.1,-3.63,Annotated
M5-IMU-Janice,18.348762035369873,16.26,15.96,-3.94,-1.15,-1.12,-3.09,Annotated
M5-IMU-Janice,18.40809941291809,-1.95,10.88,0.79,0.99,2.61,-1.48,Annotated
M5-IMU-Janice,18.52859091758728,4.93,6.73,0.19,1.84,3.01,0.27,Annotated
M5-IMU-Janice,18.649396419525146,-0.62,10.05,-1.11,0.22,0.67,1.06,Annotated
M5-IMU-Janice,18.70838975906372,0.27,10.06,-0.7,0.24,0.53,1.01,Annotated
M5-IMU-Janice,18.82782816886902,-10.64,9.75,1.28,0.19,0.58,-0.13,Annotated
M5-IMU-Janice,18.948402404785156,-1.41,8.16,1.96,1.31,1.35,0.11,Annotated
M5-IMU-Janice,19.009217262268066,-0.06,8.55,0.11,-0.29,-0.84,-0.13,Annotated
M5-IMU-Janice,19.12813377380371,2.35,9.91,-0.78,-0.02,-0.37,0.08,Annotated
M5-IMU-Janice,19.248903036117554,1.09,9.26,-0.89,0.24,0.04,0.12,Annotated
M5-IMU-Janice,19.30786967277527,1.31,9.52,0.75,0.01,-0.14,0.24,Annotated
M5-IMU-Janice,19.429513931274414,2.53,9.56,-1.82,0.59,-2.06,1.11,Unmarked
M5-IMU-Janice,19.549716472625732,-0.06,8.22,0.35,-0.3,-2.96,0.21,Unmarked
M5-IMU-Janice,19.668004512786865,0.29,10.3,-5.17,-0.02,-0.41,-0.79,Unmarked
M5-IMU-Janice,19.728978157043457,1.24,8.87,-1.66,-0.17,0.41,-0.65,Unmarked
M5-IMU-Janice,19.850613117218018,-1.19,8.71,-2.26,-0.1,-1.78,-0.31,Unmarked
M5-IMU-Janice,19.90873908996582,0.69,9.63,-2.55,-0.26,-1.03,0.2,Unmarked
M5-IMU-Janice,20.028766870498657,0.72,9.79,-1.76,-0.57,-0.82,0.24,Unmarked
M5-IMU-Janice,20.150312185287476,1.06,10.43,-1.31,-0.99,0.21,0.48,Unmarked
M5-IMU-Janice,20.210489511489868,0.06,15.28,-3.43,-0.88,-2.64,1.28,Unmarked
M5-IMU-Janice,20.330479621887207,-11.23,10.59,-14.48,0.59,2.14,1.61,Unmarked
M5-IMU-Janice,20.448583364486694,-7.3,5.47,0.28,0.93,-2.49,-2.57,Unmarked
M5-IMU-Janice,20.508631944656372,5.38,14.58,-3.76,0.4,0.1,-3.83,Unmarked
M5-IMU-Janice,20.62862753868103,10.49,19.44,19.46,-0.42,0.65,1.28,Unmarked
M5-IMU-Janice,20.748521327972412,0.11,7.95,-1.95,0.28,4.32,0.22,Unmarked
M5-IMU-Janice,20.809423446655273,-1.08,10.49,-2.6,-0.35,-0.18,0.39,Unmarked
M5-IMU-Janice,20.92984628677368,0.86,9.52,-1.81,-0.25,1.02,0.07,Unmarked
M5-IMU-Janice,21.049243450164795,-0.02,10.23,-1.96,-0.56,1.09,0.2,Unmarked
M5-IMU-Janice,21.108460187911987,1.3,8.82,-5.63,-1.18,0.41,-0.41,Unmarked
M5-IMU-Janice,21.2296245098114,-3.54,8.9,-13.29,0.88,4.33,0.32,Unmarked
M5-IMU-Janice,21.349838733673096,-6.58,9.27,-7.73,1.31,4.33,0.22,Unmarked
M5-IMU-Janice,21.409595727920532,-4.81,9.63,-4.83,1.37,4.33,-1.61,Unmarked
M5-IMU-Janice,21.52902841567993,3.73,19.46,0.96,0.62,4.33,-4.37,Unmarked
M5-IMU-Janice,21.649421453475952,-5.26,10.02,-0.01,0.01,0.51,-1.01,Unmarked
M5-IMU-Janice,21.709506034851074,-2.02,8.65,-2.16,-0.14,1.09,-0.1,Unmarked
M5-IMU-Janice,21.82994246482849,-1.29,9.49,-2.13,0.01,1.71,0.07,Unmarked
M5-IMU-Janice,21.948290824890137,0.48,8.13,1.29,0.42,0.81,-0.83,Unmarked
M5-IMU-Janice,22.009396076202393,-3.57,10.04,-2.45,-0.16,0.85,0.1,Unmarked
M5-IMU-Janice,22.129390001296997,-0.58,9.3,-2.68,0.12,0.74,-0.03,Unmarked
M5-IMU-Janice,22.248167514801025,0.01,9.57,-2.2,0.2,-0.23,0.37,Unmarked
M5-IMU-Janice,22.308613061904907,0.55,9.81,-2.93,0.29,-0.35,0.47,Annotated
M5-IMU-Janice,22.430159330368042,0.5,9.78,-3.6,-0.05,-0.52,0.36,Annotated
M5-IMU-Janice,22.54951024055481,1.36,9.46,-2.4,-0.25,-0.35,-0.18,Annotated
M5-IMU-Janice,22.60887837409973,0.08,9.58,-2.27,-0.23,0.17,-0.23,Annotated
M5-IMU-Janice,22.729140758514404,-0.91,9.28,-3.16,-0.12,-0.15,0.21,Annotated
M5-IMU-Janice,22.850534677505493,1.39,8.95,-1.73,0.04,-0.78,-0.15,Annotated
M5-IMU-Janice,22.908320665359497,0.97,9.55,-1.68,0.23,-0.02,-0.0,Annotated
M5-IMU-Janice,23.028053045272827,1.36,9.91,-2.58,-0.15,0.24,-0.12,Annotated
M5-IMU-Janice,23.148929119110107,-1.26,10.35,-1.71,0.57,-0.42,-0.22,Annotated
M5-IMU-Janice,23.2089364528656,-2.84,8.57,-4.45,-0.04,0.88,0.09,Annotated
M5-IMU-Janice,23.328758716583252,1.14,9.41,-1.79,0.19,0.45,0.03,Annotated
M5-IMU-Janice,23.447769165039062,2.05,9.04,-1.66,0.23,-0.25,0.26,Annotated
M5-IMU-Janice,23.508602619171143,0.7,9.75,-2.87,-0.32,0.25,-0.1,Annotated
M5-IMU-Janice,23.627927541732788,0.57,9.31,-2.34,-0.36,0.2,-0.46,Annotated
M5-IMU-Janice,23.748069524765015,-0.08,9.47,-2.15,-0.09,-0.02,-0.12,Annotated
M5-IMU-Janice,23.808415412902832,0.55,9.52,-1.41,0.0,-0.01,-0.11,Annotated
M5-IMU-Janice,23.929051399230957,-1.12,9.2,-2.55,0.21,0.32,-0.29,Annotated
M5-IMU-Janice,24.047616958618164,-0.91,8.98,-3.61,0.24,0.13,0.28,Annotated
M5-IMU-Janice,24.107171535491943,0.1,9.58,-2.58,0.06,0.21,0.15,Annotated
M5-IMU-Janice,24.228028535842896,0.75,9.44,-2.01,0.01,0.05,0.14,Annotated
M5-IMU-Janice,24.3494074344635,0.11,9.03,-3.1,0.12,0.03,0.14,Annotated
M5-IMU-Janice,24.408236026763916,0.45,9.13,-2.91,0.0,0.17,0.16,Annotated
M5-IMU-Janice,24.52913212776184,0.5,9.66,-3.18,-0.26,0.53,-0.25,Annotated
M5-IMU-Janice,24.649900674819946,-0.71,9.04,-2.73,-0.35,0.56,-0.42,Annotated
M5-IMU-Janice,24.7086443901062,-0.75,9.56,-2.21,-0.31,-0.21,-0.19,Annotated
M5-IMU-Janice,24.828937768936157,-0.13,9.4,-2.39,-0.18,-0.04,-0.1,Annotated
M5-IMU-Janice,24.948838710784912,-0.58,9.56,-1.7,0.0,-0.05,-0.06,Annotated
M5-IMU-Janice,25.00873064994812,-0.53,9.23,-2.65,0.1,-0.19,0.14,Annotated
M5-IMU-Janice,25.129016637802124,-0.47,9.55,-2.03,-0.04,0.1,-0.08,Annotated
M5-IMU-Janice,25.30704379081726,-1.58,8.93,-3.05,0.1,-0.3,0.42,Annotated
M5-IMU-Janice,25.307992935180664,0.57,9.76,-1.75,-0.0,-0.32,0.19,Annotated
M5-IMU-Janice,25.42891764640808,-0.49,9.53,-2.56,0.04,0.13,-0.08,Annotated
M5-IMU-Janice,25.548542737960815,0.15,9.62,-2.4,0.02,0.21,-0.02,Annotated
M5-IMU-Janice,25.608131885528564,0.36,9.29,-2.13,0.07,0.1,-0.1,Annotated
M5-IMU-Janice,25.728845834732056,0.14,9.85,-2.91,-0.25,0.3,-0.26,Annotated
M5-IMU-Janice,25.849488496780396,-0.59,9.29,-1.76,-0.31,0.2,-0.43,Annotated
M5-IMU-Janice,25.908670902252197,-0.98,9.15,-2.11,-0.06,-0.06,0.07,Annotated
M5-IMU-Janice,26.028969287872314,-0.48,8.69,-1.58,-0.18,-0.19,0.13,Annotated
M5-IMU-Janice,26.14848256111145,-0.73,9.36,-1.63,-0.07,0.14,0.1,Annotated
M5-IMU-Janice,26.209017992019653,0.47,9.7,-1.9,-0.0,-0.11,0.04,Annotated
M5-IMU-Janice,26.328672409057617,-0.61,9.27,-2.29,0.1,0.11,-0.07,Annotated
M5-IMU-Janice,26.448870182037354,-0.61,9.29,-1.47,0.1,-0.06,0.32,Annotated
M5-IMU-Janice,26.508530378341675,0.78,9.59,-1.58,0.21,-0.46,0.43,Annotated
M5-IMU-Janice,26.628338098526,1.23,9.72,-1.7,0.12,0.24,0.34,Unmarked
M5-IMU-Janice,26.74937605857849,0.65,9.84,-2.13,-0.1,-0.02,0.26,Unmarked
M5-IMU-Janice,26.809447288513184,0.63,10.64,-2.14,-0.1,0.84,0.39,Unmarked
M5-IMU-Janice,26.928977966308594,-1.15,11.38,-1.4,0.08,0.15,1.66,Unmarked
M5-IMU-Janice,27.048624992370605,-3.23,14.43,2.0,0.36,1.51,2.53,Unmarked
M5-IMU-Janice,27.10809350013733,-3.38,4.2,1.8,-2.58,2.97,-1.52,Unmarked
M5-IMU-Janice,27.231122732162476,-3.92,12.31,-2.31,-1.58,-2.33,-4.37,Unmarked
M5-IMU-Janice,27.409152030944824,19.46,11.45,-16.77,-1.97,-3.91,0.49,Unmarked
M5-IMU-Janice,27.410151958465576,14.44,19.46,-4.45,0.44,4.17,3.42,Unmarked
M5-IMU-Janice,27.53055167198181,0.94,11.95,-2.23,0.63,-0.55,0.41,Unmarked
M5-IMU-Janice,27.648651123046875,1.91,10.06,-1.27,0.13,-0.7,0.77,Unmarked
M5-IMU-Janice,27.70934557914734,-0.68,10.24,-0.94,-0.1,0.04,1.06,Unmarked
M5-IMU-Janice,27.829728603363037,-4.47,19.46,-1.3,-0.18,1.67,2.19,Unmarked
M5-IMU-Janice,27.950358629226685,-16.86,-3.25,1.25,0.91,-4.37,-0.56,Unmarked
M5-IMU-Janice,28.01121687889099,-5.02,17.61,-10.55,-2.13,-4.37,-2.87,Unmarked
M5-IMU-Janice,28.130052089691162,19.46,5.91,-14.23,-0.06,-0.79,1.72,Unmarked
M5-IMU-Janice,28.25070071220398,3.0,9.81,-0.24,-1.62,-1.74,-1.43,Unmarked
M5-IMU-Janice,28.309779405593872,-0.32,9.34,-1.29,0.67,-0.77,0.5,Unmarked
M5-IMU-Janice,28.43048906326294,0.91,9.84,-0.77,0.09,0.41,0.06,Unmarked
M5-IMU-Janice,28.548696517944336,-1.1,9.58,-1.16,0.02,-0.11,0.16,Unmarked
M5-IMU-Janice,28.611541509628296,-0.82,10.3,-0.98,-0.22,0.11,0.43,Unmarked
M5-IMU-Janice,28.73011064529419,-2.91,15.96,-1.63,-0.14,-0.13,1.68,Unmarked
M5-IMU-Janice,28.848680019378662,-2.7,5.31,0.25,-1.2,-0.17,0.44,Unmarked
M5-IMU-Janice,28.9090096950531,0.04,4.83,0.99,-1.62,-1.62,-3.16,Unmarked
M5-IMU-Janice,29.02963662147522,10.3,11.27,-5.49,-1.16,-0.38,-1.41,Unmarked
M5-IMU-Janice,29.148905754089355,-17.11,-1.72,7.21,1.53,-4.37,1.73,Annotated
M5-IMU-Janice,29.2083158493042,4.23,8.5,-1.43,1.12,0.27,0.59,Annotated
M5-IMU-Janice,29.32873296737671,-4.81,10.96,2.36,0.17,2.41,0.44,Annotated
M5-IMU-Janice,29.45006561279297,0.17,12.08,-1.05,0.09,1.47,1.46,Annotated
M5-IMU-Janice,29.509236335754395,-6.69,9.59,2.38,-0.2,1.96,-0.11,Annotated
M5-IMU-Janice,29.628612756729126,-1.21,9.92,-0.68,-0.17,-2.0,0.18,Annotated
M5-IMU-Janice,29.748720407485962,-0.41,10.81,-0.08,0.24,0.27,1.17,Annotated
M5-IMU-Janice,29.80951428413391,-1.15,14.35,-1.82,0.48,-0.34,2.3,Annotated
M5-IMU-Janice,29.9282865524292,-9.79,2.28,2.52,0.62,-0.29,-1.36,Annotated
M5-IMU-Janice,30.049438953399658,3.52,11.69,-0.51,-1.24,-4.37,-3.51,Annotated
M5-IMU-Janice,30.108791828155518,14.47,11.73,-7.06,-1.02,-0.45,-1.17,Annotated
M5-IMU-Janice,30.229587078094482,-2.2,10.63,2.54,0.04,-1.4,-0.05,Annotated
M5-IMU-Janice,30.34899353981018,2.71,10.49,-0.59,0.23,0.53,1.01,Annotated
M5-IMU-Janice,30.408716201782227,1.65,10.31,-1.83,0.27,0.39,1.21,Annotated
M5-IMU-Janice,30.529222011566162,-5.08,9.84,-0.96,0.1,1.46,0.55,Annotated
M5-IMU-Janice,30.648209810256958,-6.98,9.45,3.21,-0.17,0.88,0.02,Annotated
M5-IMU-Janice,30.708012342453003,2.56,11.39,0.01,-0.24,-1.78,0.44,Annotated
M5-IMU-Janice,30.828975915908813,-0.78,10.02,0.11,0.29,0.18,0.84,Annotated
M5-IMU-Janice,30.949679374694824,-3.46,14.8,-1.92,0.85,0.24,1.9,Annotated
M5-IMU-Janice,31.00909924507141,-4.08,6.32,3.12,-0.08,0.53,-1.68,Annotated
M5-IMU-Janice,31.129297494888306,1.54,11.14,-0.26,-1.04,-3.95,-3.52,Annotated
M5-IMU-Janice,31.249168157577515,15.27,11.16,-8.93,-0.66,0.35,-0.87,Annotated
M5-IMU-Janice,31.308660745620728,1.73,13.98,-0.86,0.2,-4.3,-0.0,Annotated
M5-IMU-Janice,31.428591012954712,6.6,10.38,-2.27,0.31,-0.03,1.37,Annotated
M5-IMU-Janice,31.54897665977478,-3.0,10.84,0.39,0.02,0.18,1.1,Annotated
M5-IMU-Janice,31.60853672027588,-6.55,10.26,0.51,-0.01,1.42,0.84,Annotated
M5-IMU-Janice,31.728871822357178,-7.15,9.43,0.89,-0.12,0.88,-0.03,Annotated
M5-IMU-Janice,31.848920583724976,2.29,9.23,1.17,0.11,0.8,0.09,Annotated
M5-IMU-Janice,31.908759832382202,0.49,9.94,-0.99,0.36,0.43,-0.03,Annotated
M5-IMU-Janice,32.0294234752655,1.41,9.23,-4.73,0.65,0.79,0.73,Annotated
M5-IMU-Janice,32.149091720581055,3.78,8.77,-1.05,0.66,3.36,0.35,Annotated
M5-IMU-Janice,32.208922147750854,4.94,9.85,0.12,0.92,1.99,0.52,Annotated
M5-IMU-Janice,32.3298442363739,0.62,9.08,-0.67,0.56,2.71,0.31,Annotated
M5-IMU-Janice,32.44888949394226,2.58,8.89,-1.91,0.36,4.33,-0.66,Unmarked
M5-IMU-Janice,32.508994579315186,-1.92,8.63,-0.43,1.24,1.7,-0.77,Unmarked
M5-IMU-Janice,32.630417823791504,-0.85,13.12,8.03,1.33,-0.15,-1.18,Unmarked
M5-IMU-Janice,32.750112533569336,-3.06,11.26,-4.15,0.72,4.33,0.13,Unmarked
M5-IMU-Janice,32.809751749038696,1.78,10.38,-1.08,0.36,0.22,-0.1,Unmarked
M5-IMU-Janice,32.92878580093384,0.19,9.32,-2.62,0.17,0.27,0.08,Unmarked
M5-IMU-Janice,33.04955267906189,0.06,10.75,-2.74,0.42,1.09,0.94,Unmarked
M5-IMU-Janice,33.108866453170776,-5.62,19.46,2.3,1.3,1.61,3.17,Unmarked
M5-IMU-Janice,33.2315514087677,-0.31,7.61,2.26,-1.06,-1.79,-0.69,Unmarked
M5-IMU-Janice,33.3509087562561,-1.42,6.92,1.28,-1.88,-0.7,-4.37,Unmarked
M5-IMU-Janice,33.40922141075134,19.46,16.52,-12.75,-1.78,-0.18,-2.87,Unmarked
M5-IMU-Janice,33.528801918029785,2.69,-8.15,-6.62,2.71,-4.37,2.96,Unmarked
M5-IMU-Janice,33.64845585823059,-3.3,9.74,0.55,0.69,0.12,0.5,Unmarked
M5-IMU-Janice,33.71032667160034,-0.85,9.37,-1.52,0.47,-0.16,0.64,Unmarked
M5-IMU-Janice,33.829447984695435,-0.28,10.23,-0.81,0.28,0.33,1.01,Unmarked
M5-IMU-Janice,33.94983649253845,-1.48,19.46,1.04,0.29,1.78,2.46,Unmarked
M5-IMU-Janice,34.00929021835327,-13.1,1.92,4.59,0.49,-1.97,-1.42,Unmarked
M5-IMU-Janice,34.130616426467896,1.94,12.6,-8.94,-1.65,-2.62,-3.7,Unmarked
M5-IMU-Janice,34.25016212463379,-19.61,3.16,7.9,-2.33,1.33,0.12,Unmarked
M5-IMU-Janice,34.30982160568237,-1.36,10.49,-1.51,0.17,-0.21,-0.53,Unmarked
M5-IMU-Janice,34.43013381958008,-0.92,9.32,-1.68,-0.02,0.38,0.21,Unmarked
M5-IMU-Janice,34.548967599868774,-0.12,9.55,-2.22,0.32,-0.28,0.25,Unmarked
M5-IMU-Janice,34.609392166137695,-0.94,9.56,-2.41,0.16,-0.11,0.05,Unmarked
M5-IMU-Janice,34.729748010635376,-1.24,9.39,-1.98,0.05,-0.04,-0.06,Annotated
M5-IMU-Janice,34.8504056930542,-0.85,9.57,-2.67,-0.05,-0.47,0.2,Annotated
M5-IMU-Janice,34.910555362701416,-0.63,9.56,-2.04,-0.06,-0.2,0.04,Annotated
M5-IMU-Janice,35.08953046798706,-0.83,9.68,-1.91,0.13,-0.38,0.04,Annotated
M5-IMU-Janice,35.14813303947449,-0.02,9.16,-2.51,0.32,-0.32,0.45,Annotated
M5-IMU-Janice,35.268149614334106,1.38,10.05,-2.3,0.32,0.54,-0.23,Annotated
M5-IMU-Janice,35.33240270614624,-0.0,8.84,-2.9,0.17,0.22,-0.21,Annotated
M5-IMU-Janice,35.450586557388306,-1.37,8.94,-2.76,-0.12,0.43,-0.17,Annotated
M5-IMU-Janice,35.509472608566284,-0.27,9.46,-1.97,0.07,-0.25,0.18,Annotated
M5-IMU-Janice,35.62949895858765,1.32,9.6,-2.38,0.14,-0.89,0.43,Annotated
M5-IMU-Janice,35.7486617565155,-0.26,9.28,-2.8,-0.34,0.04,0.24,Annotated
M5-IMU-Janice,35.80869221687317,0.53,9.3,-2.88,-0.38,-0.11,-0.17,Annotated
M5-IMU-Janice,35.929221630096436,0.0,9.55,-2.79,-0.18,-0.5,-0.2,Annotated
M5-IMU-Janice,36.04854655265808,0.0,9.48,-1.89,-0.12,-0.28,-0.19,Annotated
M5-IMU-Janice,36.11047887802124,0.08,9.42,-1.83,0.05,-0.2,0.07,Annotated
M5-IMU-Janice,36.22878646850586,-0.37,9.54,-2.55,0.09,-0.06,0.1,Annotated
M5-IMU-Janice,36.34933924674988,-0.17,9.21,-2.33,0.21,-0.07,0.08,Annotated
M5-IMU-Janice,36.4091854095459,0.43,9.57,-2.2,-0.03,0.28,-0.13,Annotated
M5-IMU-Janice,36.52942872047424,-0.15,9.58,-2.22,-0.09,0.18,-0.08,Annotated
M5-IMU-Janice,36.64880084991455,-1.43,9.18,-2.19,-0.07,0.05,0.08,Annotated
M5-IMU-Janice,36.708696603775024,0.12,9.53,-2.23,0.04,-0.0,-0.06,Annotated
M5-IMU-Janice,36.88881802558899,-0.12,9.43,-2.28,0.1,0.05,-0.21,Annotated
M5-IMU-Janice,36.9487738609314,-0.42,9.77,-2.76,-0.08,0.06,-0.05,Annotated
M5-IMU-Janice,37.00872278213501,-0.73,9.22,-2.16,-0.33,0.14,-0.39,Annotated
M5-IMU-Janice,37.12905716896057,-0.7,9.82,-1.87,-0.09,-0.11,-0.47,Annotated
M5-IMU-Janice,37.249563455581665,-0.99,9.5,-1.72,-0.38,-0.14,-0.25,Annotated
M5-IMU-Janice,37.30865478515625,-1.71,9.22,-1.82,-0.12,0.18,-0.1,Annotated
M5-IMU-Janice,37.54778265953064,-1.35,9.69,-1.49,0.13,0.09,-0.08,Annotated
M5-IMU-Janice,37.55011177062988,-1.86,9.68,-1.71,-0.05,0.18,0.13,Annotated
M5-IMU-Janice,37.608588218688965,-1.23,9.27,-1.48,-0.09,0.01,0.03,Annotated
M5-IMU-Janice,37.72877645492554,-1.31,9.16,-1.58,-0.11,-0.22,0.01,Annotated
M5-IMU-Janice,37.908546447753906,-0.28,9.53,-1.45,-0.11,0.34,0.38,Unmarked
M5-IMU-Janice,37.90997099876404,13.08,13.04,-8.57,0.44,4.05,1.96,Unmarked
M5-IMU-Janice,38.02933311462402,11.13,7.18,-11.81,2.27,-4.37,4.1,Unmarked
M5-IMU-Janice,38.14971303939819,2.84,7.04,0.1,0.8,2.81,0.41,Unmarked
M5-IMU-Janice,38.210050106048584,0.27,10.5,-2.59,0.43,1.28,0.09,Unmarked
M5-IMU-Janice,38.33083367347717,1.3,10.25,-1.6,-0.1,0.23,0.43,Unmarked
M5-IMU-Janice,38.5083487033844,1.05,10.41,-0.57,-0.04,0.37,1.3,Unmarked
M5-IMU-Janice,38.50934672355652,-3.59,17.93,1.69,0.14,1.35,3.08,Unmarked
M5-IMU-Janice,38.63041377067566,1.2,8.98,-0.39,-1.5,2.25,-0.35,Unmarked
M5-IMU-Janice,38.749927282333374,-2.72,7.51,-0.72,-2.0,-1.11,-4.09,Unmarked
M5-IMU-Janice,38.808966636657715,14.58,18.65,-17.76,-1.71,-3.52,-3.86,Unmarked
M5-IMU-Janice,38.92984342575073,-19.61,13.37,-3.49,-4.37,0.21,0.7,Unmarked
M5-IMU-Janice,39.04955506324768,-2.6,9.51,-0.61,0.49,0.79,0.55,Unmarked
M5-IMU-Janice,39.11005115509033,0.86,9.97,-0.92,0.15,0.37,0.59,Unmarked
M5-IMU-Janice,39.29027509689331,-0.23,12.28,-0.51,0.31,0.2,1.41,Unmarked
M5-IMU-Janice,39.35046982765198,-10.03,19.0,0.82,-1.15,2.57,2.97,Unmarked
M5-IMU-Janice,39.41062927246094,-18.76,3.94,5.41,-3.06,-3.09,-3.33,Unmarked
M5-IMU-Janice,39.53075456619263,11.68,10.25,-19.61,-1.95,-4.37,-1.89,Unmarked
M5-IMU-Janice,39.64935755729675,0.92,6.25,0.09,4.33,-4.37,1.11,Unmarked
M5-IMU-Janice,39.709463357925415,-0.04,7.98,-1.0,0.79,-0.21,-0.43,Unmarked
M5-IMU-Janice,39.829503774642944,-0.0,9.55,-1.16,0.31,-1.07,0.47,Unmarked
M5-IMU-Janice,39.94987201690674,0.11,10.71,-0.74,0.18,0.07,0.58,Unmarked
M5-IMU-Janice,40.00953245162964,-4.87,17.63,-0.08,0.06,0.54,2.28,Unmarked
M5-IMU-Janice,40.12899661064148,-2.13,4.03,-1.82,-0.55,-3.8,0.94,Unmarked
M5-IMU-Janice,40.2496862411499,0.14,4.96,-1.87,-1.57,-2.03,-2.33,Unmarked
M5-IMU-Janice,40.37008333206177,5.35,12.49,-4.88,-1.79,-2.29,-2.63,Unmarked
M5-IMU-Janice,40.42968416213989,11.59,16.56,-2.18,0.39,1.65,0.24,Annotated
M5-IMU-Janice,40.54928135871887,12.36,9.48,-0.49,-1.03,3.94,1.04,Annotated
M5-IMU-Janice,40.610581398010254,4.75,10.35,-1.9,1.18,0.26,0.63,Annotated
M5-IMU-Janice,40.72964382171631,-2.19,10.42,3.68,0.27,0.4,0.82,Annotated
M5-IMU-Janice,40.8501238822937,-4.4,10.23,1.48,0.06,-0.67,0.84,Annotated
M5-IMU-Janice,40.90889072418213,-1.89,10.29,0.21,-0.13,0.4,0.29,Annotated
M5-IMU-Janice,41.0284640789032,2.11,9.76,0.75,0.42,1.73,1.0,Annotated
M5-IMU-Janice,41.149051666259766,-2.82,12.51,-0.84,0.94,-1.68,1.67,Annotated
M5-IMU-Janice,41.20934224128723,-3.28,8.27,0.73,0.03,0.55,-0.54,Annotated
M5-IMU-Janice,41.32851552963257,1.49,5.01,3.86,-1.08,-1.4,-2.89,Annotated
M5-IMU-Janice,41.449729442596436,12.64,14.19,-7.52,-1.76,-0.73,-2.35,Annotated
M5-IMU-Janice,41.50936484336853,-19.61,5.56,0.73,-0.78,-4.37,-0.14,Annotated
M5-IMU-Janice,41.62909126281738,5.18,8.86,-3.89,1.33,0.0,0.73,Annotated
M5-IMU-Janice,41.74919605255127,1.49,11.18,-1.12,0.76,0.21,1.34,Annotated
M5-IMU-Janice,41.80834484100342,-4.55,12.01,1.78,0.27,1.49,1.11,Annotated
M5-IMU-Janice,41.92921853065491,-7.24,9.93,1.33,0.04,1.04,0.88,Annotated
M5-IMU-Janice,42.049092292785645,8.6,13.39,-1.67,-2.19,2.03,-0.21,Annotated
M5-IMU-Janice,42.10924434661865,-1.39,13.44,-2.16,0.05,-0.27,1.09,Annotated
M5-IMU-Janice,42.2279531955719,-1.63,12.5,-1.04,1.01,1.8,0.2,Annotated
M5-IMU-Janice,42.3489248752594,-3.51,7.26,3.07,-0.16,0.7,-2.91,Annotated
M5-IMU-Janice,42.408942222595215,10.13,15.98,-4.3,-1.81,-2.4,-3.08,Annotated
M5-IMU-Janice,42.52839159965515,19.46,15.32,-3.72,-0.5,1.75,0.24,Annotated
M5-IMU-Janice,42.64874863624573,10.65,17.09,-0.9,-1.12,1.14,1.81,Annotated
M5-IMU-Janice,42.70796060562134,8.34,10.73,-2.46,0.1,-0.51,2.44,Annotated
M5-IMU-Janice,42.8296217918396,-3.4,10.69,-0.47,0.38,2.1,1.07,Annotated
M5-IMU-Janice,42.948845624923706,-6.47,9.89,0.53,0.03,1.29,0.01,Annotated
M5-IMU-Janice,43.0081102848053,4.69,13.66,-4.25,0.8,-2.33,0.14,Annotated
M5-IMU-Janice,43.129175901412964,1.5,9.73,0.39,0.25,0.38,-0.22,Annotated
M5-IMU-Janice,43.24904727935791,1.53,9.15,-2.15,0.3,0.13,-0.27,Annotated
M5-IMU-Janice,43.30791735649109,1.71,9.77,0.48,0.1,0.2,-0.16,Annotated
M5-IMU-Janice,43.4291410446167,0.84,10.24,-1.09,0.03,-0.31,0.12,Unmarked
M5-IMU-Janice,43.54917240142822,1.35,9.28,-0.28,0.06,-0.12,0.08,Unmarked
M5-IMU-Janice,43.60951805114746,1.52,9.88,-1.48,-0.07,0.08,-0.14,Unmarked
M5-IMU-Janice,43.84914827346802,1.02,10.46,-0.52,-0.26,0.01,-0.26,Unmarked
M5-IMU-Janice,43.850820541381836,1.77,10.38,-0.38,-0.43,0.28,0.24,Unmarked
M5-IMU-Janice,43.9097158908844,1.02,12.82,0.79,-0.74,0.03,0.73,Unmarked
M5-IMU-Janice,44.02952456474304,-4.94,9.28,-2.05,-0.3,-1.77,1.93,Unmarked
M5-IMU-Janice,44.15057730674744,1.46,12.21,-3.28,0.17,-1.8,2.74,Unmarked
M5-IMU-Janice,44.20995855331421,-1.54,5.4,-1.35,0.23,-1.13,-0.44,Unmarked
M5-IMU-Janice,44.330506563186646,-2.93,7.36,0.04,0.03,-2.1,-3.88,Unmarked
M5-IMU-Janice,44.449161529541016,12.32,18.29,-7.63,-0.77,-1.4,-3.22,Unmarked
M5-IMU-Janice,44.508851051330566,10.39,12.84,16.76,0.27,0.39,1.57,Unmarked
M5-IMU-Janice,44.6290020942688,-1.88,13.34,-5.85,0.88,1.5,0.24,Unmarked
M5-IMU-Janice,44.75051999092102,0.71,9.8,-2.49,0.06,-0.3,0.65,Unmarked
M5-IMU-Janice,44.810545444488525,1.38,9.66,-2.11,-0.23,0.16,0.49,Unmarked
M5-IMU-Janice,44.930267333984375,1.26,11.82,-1.57,0.07,0.2,1.28,Unmarked
M5-IMU-Janice,45.050098180770874,-2.66,19.46,-1.88,1.09,2.98,2.16,Unmarked
M5-IMU-Janice,45.10952925682068,-13.22,-1.41,4.01,-0.76,1.63,-2.06,Unmarked
M5-IMU-Janice,45.23054838180542,-3.93,14.31,0.53,0.86,-2.77,-4.37,Unmarked
M5-IMU-Janice,45.35045266151428,19.46,15.03,-3.15,1.2,4.33,-1.68,Unmarked
M5-IMU-Janice,45.41059684753418,17.32,13.66,-3.98,0.09,2.8,-0.4,Unmarked
M5-IMU-Janice,45.529205322265625,-0.44,8.74,-1.97,0.3,-0.72,0.45,Unmarked
M5-IMU-Janice,45.650235652923584,-0.89,10.13,-2.13,0.09,0.78,0.4,Unmarked
M5-IMU-Janice,45.71161341667175,-0.66,13.41,-5.36,0.6,1.67,1.32,Unmarked
M5-IMU-Janice,45.830366134643555,2.53,7.18,-0.77,0.32,1.67,0.97,Unmarked
M5-IMU-Janice,45.9489061832428,-2.42,7.85,-0.72,-1.0,-0.36,-4.01,Unmarked
M5-IMU-Janice,46.01045298576355,14.79,14.24,-0.11,-1.17,2.64,-2.24,Unmarked
M5-IMU-Janice,46.12989521026611,0.65,2.77,2.87,-0.79,-4.37,4.33,Unmarked
M5-IMU-Janice,46.30973553657532,-0.16,11.32,-1.8,-0.25,0.69,-0.11,Unmarked
M5-IMU-Janice,46.311506032943726,-1.43,9.55,-2.25,0.15,0.4,0.11,Unmarked
M5-IMU-Janice,46.429352045059204,-1.2,9.73,-2.86,0.12,-0.25,0.64,Unmarked
M5-IMU-Janice,46.549362659454346,0.67,9.17,-2.05,0.28,0.11,0.24,Annotated
M5-IMU-Janice,46.608505725860596,0.19,8.81,-3.36,0.19,0.0,0.08,Annotated
M5-IMU-Janice,46.73022532463074,-0.45,9.38,-2.54,-0.12,-0.25,-0.09,Annotated
M5-IMU-Janice,46.850542068481445,0.7,9.65,-2.17,-0.19,-0.09,-0.06,Annotated
M5-IMU-Janice,46.91056203842163,-1.12,9.42,-2.83,-0.19,0.58,-0.31,Annotated
M5-IMU-Janice,47.03006052970886,-0.26,9.47,-2.15,-0.07,-0.19,-0.03,Annotated
M5-IMU-Janice,47.14843201637268,-0.3,9.53,-2.52,0.03,-0.1,0.1,Annotated
M5-IMU-Janice,47.20878481864929,-0.37,9.39,-2.32,0.08,0.4,-0.01,Annotated
M5-IMU-Janice,47.32904767990112,-0.84,9.03,-2.89,0.03,-0.24,0.03,Annotated
M5-IMU-Janice,47.44980311393738,-0.52,9.65,-2.37,0.05,-0.2,0.09,Annotated
M5-IMU-Janice,47.50935626029968,-0.03,9.48,-2.23,0.02,-0.12,0.11,Annotated
M5-IMU-Janice,47.62885665893555,-0.18,8.77,-2.02,0.17,-0.01,0.23,Annotated
M5-IMU-Janice,47.748271226882935,1.81,9.67,-3.68,0.06,0.06,-0.04,Annotated
M5-IMU-Janice,47.8099091053009,-0.59,9.48,-4.01,-0.24,-0.11,-0.6,Annotated
M5-IMU-Janice,47.9299430847168,-1.06,9.24,-2.31,-0.27,0.44,-0.51,Annotated
M5-IMU-Janice,48.048444747924805,-1.38,9.21,-2.12,-0.22,0.42,-0.29,Annotated
M5-IMU-Janice,48.109238147735596,0.3,9.7,-1.81,-0.19,0.05,-0.22,Annotated
M5-IMU-Janice,48.22919583320618,-1.41,9.32,-1.5,0.04,0.03,0.02,Annotated
M5-IMU-Janice,48.40842938423157,-0.91,9.32,-2.35,0.04,-0.08,0.37,Annotated
M5-IMU-Janice,48.41006803512573,0.34,9.9,-0.75,0.09,-0.91,0.28,Annotated
M5-IMU-Janice,48.52875375747681,-0.92,9.52,-1.95,0.12,-0.11,0.32,Annotated
M5-IMU-Janice,48.6482207775116,-0.85,9.47,-2.5,0.13,-0.07,0.2,Annotated
M5-IMU-Janice,48.708956480026245,0.81,9.84,-2.17,0.24,0.2,0.07,Annotated
M5-IMU-Janice,48.82912540435791,-0.3,10.23,-3.74,-0.19,0.2,-0.22,Annotated
M5-IMU-Janice,48.94957661628723,-0.73,8.8,-2.15,-0.49,0.42,-0.67,Annotated
M5-IMU-Janice,49.01008629798889,-2.03,9.2,-2.01,-0.11,-0.03,-0.11,Annotated
M5-IMU-Janice,49.12948298454285,0.21,9.56,-2.38,-0.21,-0.52,0.06,Annotated
M5-IMU-Janice,49.24914312362671,-1.75,9.24,-2.8,0.04,0.05,0.05,Annotated
M5-IMU-Janice,49.30894708633423,-0.43,9.64,-2.07,0.1,-0.15,0.4,Annotated
M5-IMU-Janice,49.42927265167236,-0.1,9.62,-1.43,-0.03,0.06,0.08,Annotated
M5-IMU-Janice,49.54870653152466,-0.13,9.56,-1.89,-0.03,0.14,0.18,Annotated
M5-IMU-Janice,49.60841989517212,0.27,9.56,-1.75,-0.08,0.01,-0.01,Annotated
M5-IMU-Janice,49.72881102561951,-0.59,9.57,-1.9,-0.17,-0.12,0.11,Annotated
M5-IMU-Janice,49.85121417045593,-0.26,9.62,-1.64,-0.2,-0.33,0.27,Unmarked
M5-IMU-Janice,49.91058158874512,0.53,9.72,-1.49,-0.25,-0.18,0.27,Unmarked
M5-IMU-Janice,50.02952265739441,0.38,9.78,-1.44,-0.43,-0.06,0.54,Unmarked
M5-IMU-Janice,50.15011787414551,-0.24,11.4,0.62,-0.81,-0.35,1.38,Unmarked
M5-IMU-Janice,50.27012610435486,-1.39,14.9,-2.99,-0.72,-1.29,2.74,Unmarked
M5-IMU-Janice,50.33063769340515,-9.0,3.04,-8.31,-1.07,2.68,-0.65,Unmarked
M5-IMU-Janice,50.44960808753967,-9.3,9.61,0.79,0.06,0.91,-3.63,Unmarked
M5-IMU-Janice,50.510577917099,17.77,14.97,-13.07,-0.95,-3.55,-0.96,Unmarked
M5-IMU-Janice,50.629788875579834,-9.58,13.75,1.35,-0.22,-1.19,2.89,Unmarked
M5-IMU-Janice,50.749486446380615,0.48,10.36,-2.43,0.45,-0.03,0.52,Unmarked
M5-IMU-Janice,50.809781551361084,1.07,9.44,-2.3,-0.04,0.38,0.61,Unmarked
M5-IMU-Janice,50.92846155166626,1.0,9.34,-2.07,0.03,0.18,1.04,Unmarked
M5-IMU-Janice,51.04874086380005,-0.18,18.36,-1.77,0.93,1.32,2.12,Unmarked
M5-IMU-Janice,51.1087863445282,-2.03,6.06,-0.84,1.23,3.2,0.06,Unmarked
M5-IMU-Janice,51.23064398765564,-4.67,6.51,1.66,1.43,1.52,-3.9,Unmarked
M5-IMU-Janice,51.34951996803284,10.34,16.38,-4.83,-0.01,1.94,-4.24,Unmarked
M5-IMU-Janice,51.41006851196289,-6.28,10.75,3.22,1.36,4.33,-2.87,Unmarked
M5-IMU-Janice,51.53015422821045,-3.17,9.97,-2.33,0.04,1.19,0.07,Unmarked
M5-IMU-Janice,51.64936876296997,1.89,9.87,-2.87,-0.28,0.01,0.11,Unmarked
M5-IMU-Janice,51.709726333618164,-0.7,9.53,-1.96,-0.34,0.51,0.18,Unmarked
M5-IMU-Janice,51.82896566390991,-0.09,9.93,-1.14,-0.14,0.29,0.91,Unmarked
M5-IMU-Janice,51.949504375457764,-0.62,15.09,1.02,-0.05,0.98,1.17,Unmarked
M5-IMU-Janice,52.06852960586548,-1.09,7.81,-0.2,0.11,1.22,-0.07,Unmarked
M5-IMU-Janice,52.129955530166626,-3.3,7.01,2.3,0.09,0.07,-2.26,Unmarked
M5-IMU-Janice,52.250298261642456,5.62,14.4,-2.37,-1.64,-0.95,-2.37,Unmarked
M5-IMU-Janice,52.3091766834259,7.92,9.23,-4.47,0.28,0.6,0.39,Annotated
M5-IMU-Janice,52.4298632144928,-2.19,7.44,2.29,0.66,4.33,-1.28,Annotated
M5-IMU-Janice,52.55063462257385,0.23,11.0,-2.66,-0.51,1.28,1.51,Annotated
M5-IMU-Janice,52.610376596450806,2.45,9.94,-0.16,0.59,0.52,1.43,Annotated
M5-IMU-Janice,52.73135471343994,-7.47,10.45,0.31,-0.3,2.08,0.42,Annotated
M5-IMU-Janice,52.84930396080017,-9.17,9.94,1.65,0.31,-0.79,-0.12,Annotated
M5-IMU-Janice,52.908387184143066,4.84,10.79,-1.1,-0.19,0.1,0.85,Annotated
M5-IMU-Janice,53.029606342315674,-2.53,14.57,-0.26,0.64,0.37,2.23,Annotated
M5-IMU-Janice,53.14824938774109,-5.84,8.64,-1.27,0.45,1.71,1.0,Annotated
M5-IMU-Janice,53.2084174156189,-1.9,6.29,1.65,0.09,-1.08,-2.72,Annotated
M5-IMU-Janice,53.32909870147705,13.56,11.7,-5.47,-1.84,-2.47,-3.0,Annotated
M5-IMU-Janice,53.44919538497925,5.18,14.81,-1.39,0.9,1.9,-0.66,Annotated
M5-IMU-Janice,53.50974106788635,3.64,11.32,-2.43,0.64,-4.28,0.65,Annotated
M5-IMU-Janice,53.628859519958496,4.71,10.65,-0.66,0.77,0.97,1.78,Annotated
M5-IMU-Janice,53.74848294258118,0.41,11.93,-1.76,0.17,0.36,1.29,Annotated
M5-IMU-Janice,53.80943512916565,-13.75,8.01,1.61,-0.6,-1.01,-0.13,Annotated
M5-IMU-Janice,53.929144620895386,-0.55,6.64,-0.14,0.4,2.89,-1.27,Annotated
M5-IMU-Janice,54.10789513587952,2.89,9.4,-0.89,-0.05,-0.41,0.13,Annotated
M5-IMU-Janice,54.11033511161804,2.26,9.42,-0.96,0.09,-0.48,0.49,Annotated
M5-IMU-Janice,54.227816581726074,-0.91,12.33,-2.21,0.45,0.19,1.3,Annotated
M5-IMU-Janice,54.349494218826294,-8.11,8.34,1.27,-0.25,0.73,-0.38,Annotated
M5-IMU-Janice,54.40975594520569,-1.7,10.03,0.26,-0.44,-0.78,-3.23,Annotated
M5-IMU-Janice,54.52875733375549,8.46,13.28,-2.83,-1.5,-0.27,-3.44,Annotated
M5-IMU-Janice,54.651270389556885,13.77,10.06,-5.04,0.02,0.79,0.16,Annotated
M5-IMU-Janice,54.70963740348816,2.75,15.21,-1.46,0.57,-4.37,1.12,Annotated
M5-IMU-Janice,54.82955193519592,6.22,12.48,-3.31,0.59,-0.37,1.62,Annotated
M5-IMU-Janice,54.949323892593384,7.07,10.7,-3.06,1.07,0.31,2.29,Annotated
M5-IMU-Janice,55.009645223617554,-2.59,13.01,-0.04,0.42,2.42,2.26,Annotated
M5-IMU-Janice,55.129984617233276,-12.11,9.01,-1.28,-0.51,-0.26,-0.47,Annotated
M5-IMU-Janice,55.2481210231781,-2.43,8.77,0.05,-0.03,0.06,0.43,Annotated
M5-IMU-Janice,55.30847978591919,3.33,8.2,-0.34,-0.03,-0.66,0.12,Annotated
M5-IMU-Janice,55.42814803123474,2.87,9.16,-0.96,0.0,0.31,-0.1,Annotated
M5-IMU-Janice,55.549617290496826,3.43,8.98,-1.17,0.05,0.56,-0.2,Unmarked
M5-IMU-Janice,55.60897469520569,2.63,9.24,-0.61,0.08,0.47,-0.1,Unmarked
M5-IMU-Janice,55.72941756248474,2.9,9.36,-0.64,0.11,0.52,-0.02,Unmarked
M5-IMU-Janice,55.85008096694946,2.58,9.46,-0.58,0.2,0.36,0.18,Unmarked
M5-IMU-Janice,55.91059756278992,2.02,8.63,-1.83,0.32,1.16,-0.15,Unmarked
M5-IMU-Janice,56.03055787086487,0.02,9.2,-1.52,0.41,3.78,-1.52,Unmarked
M5-IMU-Janice,56.14999270439148,1.74,9.96,-1.36,0.92,3.98,-1.52,Unmarked
M5-IMU-Janice,56.20946645736694,-0.74,10.16,7.58,-1.05,4.32,-1.46,Unmarked
M5-IMU-Janice,56.32920527458191,4.46,7.71,0.74,0.98,2.66,-1.22,Unmarked
M5-IMU-Janice,56.4491548538208,0.71,9.95,-0.64,0.4,0.65,-0.08,Unmarked
M5-IMU-Janice,56.50968027114868,-1.32,9.42,-2.0,0.26,-0.03,0.69,Unmarked
M5-IMU-Janice,56.63046097755432,0.48,9.47,-1.5,0.08,-0.06,0.64,Unmarked
M5-IMU-Janice,56.74955868721008,1.53,9.91,-1.62,-0.06,0.18,0.69,Unmarked
M5-IMU-Janice,56.810030460357666,1.02,11.07,-1.42,-0.12,0.25,0.93,Unmarked
M5-IMU-Janice,56.931474924087524,-1.65,14.57,-2.0,0.29,-0.45,2.44,Unmarked
M5-IMU-Janice,57.05090141296387,-1.45,8.63,-1.77,2.02,-4.37,1.8,Unmarked
M5-IMU-Janice,57.110480546951294,-4.29,6.58,0.37,-0.1,-1.13,-4.22,Unmarked
M5-IMU-Janice,57.23032236099243,12.19,17.01,-7.0,-1.26,-1.04,-3.8,Unmarked
M5-IMU-Janice,57.349334478378296,-19.53,5.21,-10.97,0.8,4.33,-4.37,Unmarked
M5-IMU-Janice,57.40971040725708,-0.62,9.52,-0.85,0.37,0.73,-0.38,Unmarked
M5-IMU-Janice,57.52847909927368,0.51,9.45,-2.24,0.04,0.01,0.45,Unmarked
M5-IMU-Janice,57.65047025680542,-0.56,9.47,-1.79,0.09,-0.29,0.65,Unmarked
M5-IMU-Janice,57.71024417877197,0.12,9.73,-1.67,0.13,0.02,1.34,Unmarked
M5-IMU-Janice,57.83115077018738,-2.7,18.4,-2.45,0.71,2.78,1.93,Unmarked
M5-IMU-Janice,57.95109438896179,-2.72,4.98,-0.5,-0.66,3.0,0.06,Unmarked
M5-IMU-Janice,58.009907245635986,-1.01,6.77,1.08,-0.28,-0.83,-3.26,Unmarked
M5-IMU-Janice,58.130287885665894,13.76,14.46,-7.13,-1.61,-0.52,-2.46,Unmarked
M5-IMU-Janice,58.25027012825012,0.85,4.22,0.55,1.04,-4.37,1.91,Unmarked
M5-IMU-Janice,58.31024718284607,0.79,11.17,-2.12,0.07,0.15,-0.1,Unmarked
M5-IMU-Janice,58.42999863624573,-3.14,9.01,-1.5,0.18,-0.32,0.28,Unmarked
M5-IMU-Janice,58.54881167411804,-1.33,9.14,-1.99,0.07,-0.2,0.16,Annotated
M5-IMU-Janice,58.60936164855957,-0.54,9.6,-1.49,0.32,0.03,0.15,Annotated
M5-IMU-Janice,58.73047161102295,0.98,9.5,-3.23,0.02,-0.29,0.3,Annotated
M5-IMU-Janice,58.84986138343811,-0.28,9.55,-2.78,-0.25,0.07,-0.28,Annotated
M5-IMU-Janice,58.90999913215637,-0.79,9.26,-1.91,-0.04,-0.13,0.01,Annotated
M5-IMU-Janice,59.02873992919922,-0.78,9.44,-2.59,0.06,-0.42,0.23,Annotated
M5-IMU-Janice,59.14970088005066,-0.59,9.22,-2.48,0.07,-0.19,-0.06,Annotated
M5-IMU-Janice,59.2088565826416,-0.41,9.44,-2.82,0.06,0.1,0.08,Annotated
M5-IMU-Janice,59.32956647872925,-0.49,9.29,-3.02,0.06,0.19,-0.12,Annotated
M5-IMU-Janice,59.45035672187805,-1.01,9.52,-2.43,-0.13,0.27,-0.13,Annotated
M5-IMU-Janice,59.50966024398804,-0.42,9.41,-2.45,-0.13,0.37,-0.21,Annotated
M5-IMU-Janice,59.62908983230591,-1.33,9.1,-2.1,0.03,-0.38,-0.05,Annotated
M5-IMU-Janice,59.748541831970215,-0.78,9.4,-2.07,0.09,-0.29,0.24,Annotated
M5-IMU-Janice,59.80893611907959,-1.36,9.43,-2.61,-0.03,0.09,0.05,Annotated
M5-IMU-Janice,59.930431604385376,-0.58,9.34,-2.06,-0.12,0.02,-0.07,Annotated
M5-IMU-Janice,60.048774003982544,-1.99,9.48,-2.43,-0.11,0.5,0.13,Annotated
M5-IMU-Janice,60.108452558517456,-0.75,9.13,-2.13,-0.05,0.44,0.09,Annotated
M5-IMU-Janice,60.22910499572754,-0.27,9.32,-2.05,0.09,-0.06,0.11,Annotated
M5-IMU-Janice,60.34972786903381,-0.76,9.09,-2.21,-0.06,-0.28,0.07,Annotated
M5-IMU-Janice,60.40975213050842,-0.45,9.32,-2.34,-0.09,-0.39,-0.02,Annotated
M5-IMU-Janice,60.52905011177063,-0.24,9.56,-1.84,0.06,0.2,-0.05,Annotated
M5-IMU-Janice,60.649208307266235,-0.61,9.62,-2.51,0.01,0.27,-0.14,Annotated
M5-IMU-Janice,60.71011304855347,-0.82,9.1,-1.71,0.01,-0.41,0.08,Annotated
M5-IMU-Janice,60.83005166053772,-1.02,9.4,-2.58,0.12,-0.08,-0.08,Annotated
M5-IMU-Janice,60.9494526386261,-0.41,9.42,-1.99,0.17,-0.03,0.08,Annotated
M5-IMU-Janice,61.01014733314514,-0.11,9.5,-2.89,-0.03,-0.08,-0.03,Annotated
M5-IMU-Janice,61.12971377372742,-0.75,9.6,-2.37,-0.22,0.01,-0.22,Annotated
M5-IMU-Janice,61.249786376953125,-1.13,9.38,-2.09,-0.14,0.04,-0.24,Annotated
M5-IMU-Janice,61.30826139450073,-1.92,9.06,-2.48,-0.06,0.03,0.2,Annotated
M5-IMU-Janice,61.42993783950806,-1.35,9.5,-2.35,-0.03,-0.0,0.11,Annotated
M5-IMU-Janice,61.549705505371094,-2.11,9.34,-2.43,0.0,0.05,0.15,Annotated
M5-IMU-Janice,61.61000299453735,-0.66,9.53,-2.1,-0.04,-0.17,0.22,Annotated
M5-IMU-Janice,61.72856044769287,-0.45,9.43,-1.88,-0.08,-0.27,0.09,Annotated
M5-IMU-Janice,61.84860444068909,-1.0,9.55,-2.12,-0.11,0.08,0.07,Annotated
M5-IMU-Janice,61.90909028053284,-0.65,9.38,-2.02,-0.15,-0.05,0.02,Annotated
M5-IMU-Janice,62.02980637550354,-0.69,9.48,-1.65,-0.2,0.09,0.1,Unmarked
M5-IMU-Janice,62.15079045295715,-1.67,10.93,-2.34,0.32,0.13,-0.32,Unmarked
M5-IMU-Janice,62.21035957336426,2.0,10.07,-1.24,0.14,2.15,0.01,Unmarked
M5-IMU-Janice,62.32966327667236,0.4,9.79,2.02,-0.51,2.89,0.13,Unmarked
M5-IMU-Janice,62.45004153251648,-3.91,8.0,0.69,-1.21,1.81,-0.68,Unmarked
M5-IMU-Janice,62.50923991203308,1.93,9.21,-5.55,-0.43,0.7,-0.72,Unmarked
M5-IMU-Janice,62.63172197341919,-17.07,8.97,2.71,-1.09,-2.22,0.81,Unmarked
M5-IMU-Janice,62.750388383865356,1.59,8.81,-0.74,0.78,-0.25,0.63,Unmarked
M5-IMU-Janice,62.80951714515686,0.39,9.48,-1.54,0.61,0.02,0.26,Unmarked
M5-IMU-Janice,62.929362297058105,1.35,9.85,-1.95,0.32,0.1,0.26,Unmarked
M5-IMU-Janice,63.04958248138428,0.82,10.12,-2.19,0.14,0.19,0.3,Unmarked
M5-IMU-Janice,63.110302448272705,0.62,10.74,-0.95,0.23,0.32,0.94,Unmarked
M5-IMU-Janice,63.22994804382324,-1.22,18.07,-0.46,0.55,0.83,2.42,Unmarked
M5-IMU-Janice,63.35038709640503,-0.79,8.41,4.18,-0.37,-4.37,3.05,Unmarked
M5-IMU-Janice,63.4104528427124,-4.2,4.36,0.27,-0.79,1.21,-2.29,Unmarked
M5-IMU-Janice,63.5300874710083,-1.21,17.66,-5.08,-2.81,-1.82,-4.37,Unmarked
M5-IMU-Janice,63.65109705924988,19.46,6.63,-19.61,-1.26,-1.89,0.13,Unmarked
M5-IMU-Janice,63.770256996154785,19.46,12.5,-1.25,4.33,0.52,0.75,Unmarked
M5-IMU-Janice,63.829429388046265,-3.11,9.27,-0.51,0.36,-0.06,0.57,Unmarked
M5-IMU-Janice,63.95131707191467,0.53,9.86,-1.1,0.33,0.7,0.27,Unmarked
M5-IMU-Janice,64.0086464881897,0.06,9.91,-1.29,0.28,0.51,1.01,Unmarked
M5-IMU-Janice,64.12886643409729,-2.65,19.46,2.31,0.8,0.91,2.91,Unmarked
M5-IMU-Janice,64.24910640716553,-2.28,4.56,2.08,-1.43,2.43,-1.63,Unmarked
M5-IMU-Janice,64.31056141853333,-1.34,7.71,-2.66,-1.89,-1.37,-3.85,Unmarked
M5-IMU-Janice,64.43083238601685,13.61,15.41,-9.82,-1.6,-3.42,-3.02,Unmarked
M5-IMU-Janice,64.5510094165802,-0.44,17.43,4.83,0.43,1.98,0.27,Unmarked
M5-IMU-Janice,64.61027216911316,-4.48,13.13,-6.48,0.9,0.85,0.35,Unmarked
M5-IMU-Janice,64.73042702674866,1.5,9.59,0.34,0.52,0.03,0.12,Unmarked
M5-IMU-Janice,64.85161471366882,-0.31,9.96,-1.18,0.21,0.27,0.25,Unmarked
M5-IMU-Janice,64.91021680831909,-1.06,9.87,-0.8,0.17,-0.18,0.94,Unmarked
M5-IMU-Janice,65.02980613708496,-0.44,18.17,0.34,0.19,-0.04,2.21,Unmarked
M5-IMU-Janice,65.15009951591492,-5.61,4.65,-0.96,-1.3,-2.75,2.35,Unmarked
M5-IMU-Janice,65.20935463905334,-4.68,4.55,-3.51,-1.16,-3.65,-1.02,Unmarked
M5-IMU-Janice,65.3306667804718,-1.01,9.81,-6.71,-2.06,-3.7,-2.92,Unmarked
M5-IMU-Janice,65.45016121864319,6.46,11.29,-9.22,-1.29,-2.8,-1.34,Annotated
M5-IMU-Janice,65.51103925704956,5.8,19.46,18.96,-1.83,3.62,0.4,Annotated
M5-IMU-Janice,65.62960147857666,-2.15,5.13,1.17,2.69,-2.72,-0.29,Annotated
M5-IMU-Janice,65.75026178359985,-1.18,8.88,1.94,0.86,-1.93,-0.08,Annotated
M5-IMU-Janice,65.8107852935791,-2.16,9.47,-0.06,-0.16,0.82,-0.11,Annotated
M5-IMU-Janice,65.98829197883606,2.07,9.9,0.62,0.0,-0.67,-0.22,Annotated
M5-IMU-Janice,66.04970383644104,12.14,9.85,-3.36,1.08,-2.01,1.63,Annotated
M5-IMU-Janice,66.10840129852295,-3.39,13.32,4.39,-0.46,2.52,0.86,Annotated
M5-IMU-Janice,66.2291202545166,-4.27,10.25,1.96,-0.41,1.61,0.03,Annotated
M5-IMU-Janice,66.34823536872864,-2.72,9.27,-2.9,0.36,-2.26,0.65,Annotated
M5-IMU-Janice,66.40973711013794,1.02,9.68,1.03,-0.13,-0.55,0.5,Annotated
M5-IMU-Janice,66.52913069725037,0.0,12.14,-1.83,0.65,-0.13,1.82,Annotated
M5-IMU-Janice,66.64956045150757,-2.7,9.06,-0.41,-0.11,1.65,0.02,Annotated
M5-IMU-Janice,66.71009612083435,-1.99,6.16,1.01,-0.49,-2.86,-2.69,Annotated
M5-IMU-Janice,66.83048415184021,10.31,13.06,-5.53,-2.03,-1.9,-3.23,Annotated
M5-IMU-Janice,66.94903349876404,17.32,14.6,-4.79,0.33,1.94,0.15,Annotated
M5-IMU-Janice,67.00930762290955,1.36,6.46,1.13,2.19,-4.37,1.59,Annotated
M5-IMU-Janice,67.12970685958862,2.97,10.7,-0.89,0.49,1.02,1.13,Annotated
M5-IMU-Janice,67.2486879825592,-0.89,13.44,-0.05,0.3,0.64,1.32,Annotated
M5-IMU-Janice,67.30786681175232,-8.99,7.98,1.98,0.03,1.41,-0.1,Annotated
M5-IMU-Janice,67.42842984199524,0.79,7.24,2.17,0.08,1.63,-0.34,Annotated
M5-IMU-Janice,67.55015754699707,0.49,9.26,-0.92,0.23,-0.26,0.5,Annotated
M5-IMU-Janice,67.60929131507874,2.56,13.44,-0.85,0.63,0.03,1.71,Annotated
M5-IMU-Janice,67.72886443138123,1.14,10.77,-0.99,0.73,0.23,0.99,Annotated
M5-IMU-Janice,67.84771180152893,0.35,5.77,0.87,-0.23,-0.49,-1.57,Annotated
M5-IMU-Janice,67.90998697280884,2.49,7.68,-0.19,-0.93,-1.39,-3.2,Annotated
M5-IMU-Janice,68.02867293357849,8.51,12.28,-3.54,-1.47,-0.3,-2.64,Annotated
M5-IMU-Janice,68.14891719818115,6.85,14.47,-0.52,0.59,2.35,-0.9,Annotated
M5-IMU-Janice,68.20831632614136,5.57,6.38,-4.67,2.64,-4.37,2.12,Annotated
M5-IMU-Janice,68.32852268218994,3.08,10.2,-1.22,0.62,0.4,1.15,Annotated
M5-IMU-Janice,68.44855165481567,3.71,11.5,-2.58,0.46,0.84,1.63,Annotated
M5-IMU-Janice,68.5080623626709,-3.49,11.35,-0.3,0.37,0.96,1.54,Annotated
M5-IMU-Janice,68.62954473495483,-8.35,7.86,3.0,-0.24,0.51,-0.54,Annotated
M5-IMU-Janice,68.74908399581909,-3.37,9.98,0.42,0.23,0.08,0.08,Annotated
M5-IMU-Janice,68.80905985832214,3.45,8.87,-0.08,0.06,-0.14,0.23,Annotated
M5-IMU-Janice,68.9883201122284,2.29,9.5,-1.16,0.28,0.07,0.4,Annotated
M5-IMU-Janice,69.10835123062134,2.98,9.84,-1.34,0.83,1.61,0.47,Annotated
M5-IMU-Janice,69.11028575897217,0.1,8.2,0.81,0.68,3.06,-0.76,Annotated
M5-IMU-Janice,69.22946262359619,-0.57,9.03,0.87,0.34,2.75,-2.46,Unmarked
M5-IMU-Janice,69.34929203987122,3.4,9.87,-0.6,0.5,2.92,-1.81,Unmarked
M5-IMU-Janice,69.40874290466309,-4.29,4.25,0.28,0.14,-4.37,1.94,Unmarked
M5-IMU-Janice,69.53105139732361,-2.65,10.43,-2.26,0.31,0.3,-0.05,Unmarked
M5-IMU-Janice,69.6489806175232,0.62,9.69,-2.01,0.28,0.37,-0.12,Unmarked
M5-IMU-Janice,69.71010780334473,1.05,9.83,-1.86,0.0,0.16,0.26,Unmarked
M5-IMU-Janice,69.83146572113037,0.42,9.78,-2.04,0.1,0.3,0.62,Unmarked
M5-IMU-Janice,69.95065927505493,0.18,12.14,0.37,0.35,-0.08,1.81,Unmarked
M5-IMU-Janice,70.00866317749023,-3.06,19.46,0.32,0.96,2.69,2.44,Unmarked
M5-IMU-Janice,70.13013768196106,-3.51,2.51,-1.69,-1.61,4.31,-0.58,Unmarked
M5-IMU-Janice,70.25186586380005,-2.26,8.55,-0.79,-1.16,0.15,-4.37,Unmarked
M5-IMU-Janice,70.31061291694641,10.67,17.7,-7.02,-0.73,-0.67,-3.95,Unmarked
M5-IMU-Janice,70.4308488368988,-15.93,12.02,-1.41,-1.23,4.33,-2.59,Unmarked
M5-IMU-Janice,70.54904174804688,0.29,7.39,0.25,0.5,1.28,0.15,Unmarked
M5-IMU-Janice,70.60930442810059,-1.22,10.02,-2.03,-0.03,0.42,0.31,Unmarked
M5-IMU-Janice,70.72877097129822,-1.12,9.72,-1.18,0.04,-0.09,0.34,Unmarked
M5-IMU-Janice,70.8510229587555,-0.8,9.39,-1.43,-0.5,0.6,0.13,Unmarked
M5-IMU-Janice,70.91033506393433,-0.28,8.32,1.28,-0.03,0.19,0.22,Unmarked
M5-IMU-Janice,71.03025245666504,-1.35,9.54,-0.88,0.48,1.86,-0.22,Unmarked
M5-IMU-Janice,71.15016031265259,-0.14,9.44,-1.5,0.12,0.35,0.04,Unmarked
M5-IMU-Janice,71.21118640899658,-0.69,9.35,-2.31,0.12,-0.1,0.14,Unmarked
M5-IMU-Janice,71.33038020133972,-0.89,9.25,-2.65,0.3,-0.16,0.23,Unmarked
M5-IMU-Janice,71.45002818107605,-0.21,9.29,-2.45,0.37,0.11,0.4,Annotated
M5-IMU-Janice,71.50944375991821,1.65,9.62,-2.69,0.26,-0.02,0.27,Annotated
M5-IMU-Janice,71.63000631332397,0.79,9.33,-3.6,-0.1,-0.16,-0.36,Annotated
M5-IMU-Janice,71.75059962272644,-0.25,9.06,-2.26,-0.31,0.0,-0.36,Annotated
M5-IMU-Janice,71.80936789512634,-0.47,9.18,-2.45,-0.18,0.34,-0.05,Annotated
M5-IMU-Janice,71.92989826202393,-0.21,9.62,-2.28,0.01,-0.01,0.12,Annotated
M5-IMU-Janice,72.04903602600098,1.21,9.82,-1.43,0.02,-0.01,0.16,Annotated
M5-IMU-Janice,72.10950875282288,0.31,9.55,-2.49,0.05,0.11,0.07,Annotated
M5-IMU-Janice,72.22977256774902,-0.22,9.15,-2.38,-0.0,-0.18,-0.02,Annotated
M5-IMU-Janice,72.34969806671143,0.49,9.5,-2.07,-0.01,-0.26,0.01,Annotated
M5-IMU-Janice,72.40970396995544,0.24,9.37,-2.43,0.09,-0.12,0.04,Annotated
M5-IMU-Janice,72.52892875671387,0.23,9.25,-2.56,0.03,-0.27,0.07,Annotated
M5-IMU-Janice,72.64975261688232,1.32,9.46,-2.04,0.21,-0.36,0.05,Annotated
M5-IMU-Janice,72.70868754386902,0.86,9.5,-2.56,-0.03,0.12,-0.37,Annotated
M5-IMU-Janice,72.82939195632935,-0.92,9.17,-2.53,-0.06,0.22,-0.39,Annotated
M5-IMU-Janice,72.94986462593079,-2.38,8.84,-3.6,-0.05,-0.04,-0.14,Annotated
M5-IMU-Janice,73.00974488258362,-0.61,9.37,-2.56,-0.09,-0.06,0.02,Annotated
M5-IMU-Janice,73.18952369689941,-0.16,9.2,-2.48,-0.09,0.05,0.17,Annotated
M5-IMU-Janice,73.25005054473877,-1.06,9.22,-2.91,-0.09,-0.05,0.15,Annotated
M5-IMU-Janice,73.31055569648743,-1.03,9.2,-2.83,-0.08,-0.34,0.14,Annotated
M5-IMU-Janice,73.42873120307922,-1.07,9.13,-2.69,0.0,-0.33,0.19,Annotated
M5-IMU-Janice,73.66929364204407,-0.01,9.39,-2.17,0.02,-0.22,0.2,Annotated
M5-IMU-Janice,73.67073392868042,0.17,9.32,-2.39,0.09,-0.17,0.15,Annotated
M5-IMU-Janice,73.7294614315033,-0.14,9.36,-2.81,0.11,-0.03,0.14,Annotated
M5-IMU-Janice,73.8501091003418,0.17,9.53,-3.0,-0.05,0.14,-0.05,Annotated
M5-IMU-Janice,73.9084255695343,0.66,9.3,-3.09,-0.05,0.28,-0.23,Annotated
M5-IMU-Janice,74.02935147285461,0.37,9.82,-2.67,-0.18,0.14,-0.48,Annotated
M5-IMU-Janice,74.20891857147217,-0.98,9.42,-2.53,-0.24,0.43,-0.42,Annotated
M5-IMU-Janice,74.21046376228333,-0.73,9.47,-2.1,-0.17,-0.32,-0.21,Annotated
M5-IMU-Janice,74.32933306694031,0.53,9.41,-1.6,0.02,-0.71,0.2,Annotated
M5-IMU-Janice,74.44996190071106,-0.64,9.14,-2.42,-0.02,-0.66,0.37,Annotated
M5-IMU-Janice,74.50881552696228,-0.02,9.36,-2.07,0.02,0.33,-0.13,Annotated
M5-IMU-Janice,74.62968921661377,-1.38,9.45,-2.84,-0.0,0.41,-0.02,Annotated
M5-IMU-Janice,74.7494764328003,-0.39,9.48,-2.66,0.06,0.04,0.04,Annotated
M5-IMU-Janice,74.81001400947571,-0.63,9.48,-3.02,0.07,0.35,-0.08,Annotated
M5-IMU-Janice,74.92897629737854,0.58,10.01,-3.08,0.15,0.09,-0.12,Annotated
M5-IMU-Janice,75.04968452453613,-0.4,9.49,-3.06,-0.12,0.61,-0.31,Annotated
M5-IMU-Janice,75.10923981666565,-0.83,9.22,-2.63,-0.36,0.48,-0.43,Annotated
M5-IMU-Janice,75.23087477684021,-1.01,9.62,-1.52,-0.22,-0.41,0.0,Annotated
M5-IMU-Janice,75.40900564193726,-1.01,9.21,-2.51,0.09,-0.2,0.21,Annotated
M5-IMU-Janice,75.46772909164429,-0.64,9.38,-2.18,-0.01,-0.09,0.22,Annotated
M5-IMU-Janice,75.52990698814392,-0.08,9.44,-2.07,-0.07,0.21,-0.08,Annotated
M5-IMU-Janice,75.649409532547,-1.21,9.0,-2.46,0.01,-0.03,-0.07,Annotated
M5-IMU-Janice,75.7092638015747,0.53,9.48,-1.33,-0.0,-0.51,0.04,Annotated
M5-IMU-Janice,75.8293845653534,-1.28,9.5,-1.76,0.06,0.09,0.37,Annotated
M5-IMU-Janice,75.9503722190857,-0.25,16.82,7.04,-0.0,-3.0,2.38,Unmarked
M5-IMU-Janice,76.01020097732544,-3.64,7.86,-5.87,-0.71,-4.37,2.36,Unmarked
M5-IMU-Janice,76.13048768043518,-0.53,8.65,-11.23,-0.02,-0.23,-0.69,Unmarked
M5-IMU-Janice,76.24950361251831,-0.3,9.59,-2.96,0.01,0.39,-0.24,Unmarked
M5-IMU-Janice,76.31050372123718,0.37,9.86,-1.73,-0.16,-0.17,0.05,Unmarked
M5-IMU-Janice,76.42987370491028,-0.39,9.73,-1.21,-0.39,0.26,0.28,Unmarked
M5-IMU-Janice,76.54986929893494,0.54,9.9,-1.27,-0.64,0.25,0.52,Unmarked
M5-IMU-Janice,76.61015915870667,1.77,11.9,1.25,-0.9,0.73,0.79,Unmarked
M5-IMU-Janice,76.73029232025146,-4.82,11.7,0.12,-1.18,-0.31,1.83,Unmarked
M5-IMU-Janice,76.84913372993469,1.92,9.89,-3.72,-0.14,-1.22,1.42,Unmarked
M5-IMU-Janice,76.91142201423645,-2.39,6.52,-2.11,-0.36,-1.94,-0.15,Unmarked
M5-IMU-Janice,77.03050088882446,-1.53,7.33,-1.95,-0.74,-1.16,-3.13,Unmarked
M5-IMU-Janice,77.1492075920105,3.5,15.09,-5.32,-0.47,-2.54,-4.37,Unmarked
M5-IMU-Janice,77.20960450172424,19.46,16.79,-0.91,1.18,1.3,2.12,Unmarked
M5-IMU-Janice,77.32958126068115,-1.17,11.87,-3.89,0.11,0.52,1.0,Unmarked
M5-IMU-Janice,77.44985175132751,0.11,10.13,-1.76,0.27,0.08,0.87,Unmarked
M5-IMU-Janice,77.51108980178833,1.19,10.04,-1.54,-0.08,0.24,0.71,Unmarked
M5-IMU-Janice,77.63095664978027,1.64,10.2,-1.36,-0.1,0.22,0.69,Unmarked
M5-IMU-Janice,77.75156021118164,1.18,12.33,-1.02,-0.12,0.31,1.28,Unmarked
M5-IMU-Janice,77.8104522228241,-5.12,16.4,-0.55,0.41,2.85,2.38,Unmarked
M5-IMU-Janice,77.93106698989868,10.07,12.68,-3.44,0.47,-1.26,0.39,Unmarked
M5-IMU-Janice,78.10854864120483,-0.79,7.54,-1.04,-0.52,0.74,-2.85,Unmarked
M5-IMU-Janice,78.11001968383789,1.66,12.78,-0.31,-0.36,1.13,-4.37,Unmarked
M5-IMU-Janice,78.23040771484375,14.13,17.08,-2.53,-0.74,1.7,-3.22,Unmarked
M5-IMU-Janice,78.35112261772156,-10.88,10.42,7.98,0.93,-4.37,3.62,Unmarked
M5-IMU-Janice,78.40937638282776,6.0,9.27,-1.02,-0.15,2.05,1.01,Unmarked
M5-IMU-Janice,78.53002595901489,4.24,9.86,-3.34,-0.22,0.71,1.04,Unmarked
M5-IMU-Janice,78.65131568908691,-1.14,9.08,-1.69,0.43,-2.6,1.02,Unmarked
M5-IMU-Janice,78.71147418022156,-1.27,11.81,-2.72,0.28,0.61,1.71,Unmarked
M5-IMU-Janice,78.83093190193176,-5.07,19.46,-1.74,1.34,2.68,2.36,Unmarked
M5-IMU-Janice,78.94923424720764,-4.72,0.75,1.78,0.22,1.49,-2.07,Unmarked
M5-IMU-Janice,79.01065397262573,4.33,12.5,-0.69,-0.71,1.92,-4.37,Unmarked
M5-IMU-Janice,79.13026595115662,19.46,15.55,-2.27,-1.11,-1.4,0.5,Unmarked
M5-IMU-Janice,79.24985218048096,-0.97,9.46,-7.07,-1.24,-0.35,-0.13,Unmarked
M5-IMU-Janice,79.30969381332397,-1.21,9.3,-2.49,-0.16,-0.25,0.43,Unmarked
M5-IMU-Janice,79.43072390556335,-0.08,9.43,-1.68,-0.32,0.07,0.47,Unmarked
M5-IMU-Janice,79.54975843429565,-0.88,9.29,-1.42,-0.25,0.3,0.69,Unmarked
M5-IMU-Janice,79.60984492301941,1.09,11.64,-2.21,-0.34,0.37,1.14,Unmarked
M5-IMU-Janice,79.72943615913391,-1.23,13.95,0.6,-0.09,1.07,1.6,Unmarked
M5-IMU-Janice,79.85055327415466,-0.06,8.64,-0.75,0.2,0.69,0.73,Unmarked
M5-IMU-Janice,79.90931224822998,-3.83,5.07,2.32,0.02,-0.52,-2.33,Unmarked
M5-IMU-Janice,80.03033900260925,4.84,10.93,-1.05,-1.04,-1.01,-3.74,Unmarked
M5-IMU-Janice,80.15108370780945,14.76,9.89,-6.25,-0.26,0.4,-0.51,Annotated
M5-IMU-Janice,80.21053624153137,4.1,10.88,5.1,-3.13,4.15,-2.49,Annotated
M5-IMU-Janice,80.32988548278809,9.31,7.43,-3.24,1.39,1.62,0.91,Annotated
M5-IMU-Janice,80.45078015327454,2.47,12.61,-1.65,0.39,0.21,2.08,Annotated
M5-IMU-Janice,80.50928902626038,-1.27,12.78,-0.31,0.36,1.09,2.2,Annotated
M5-IMU-Janice,80.62930488586426,-19.23,5.6,1.78,-0.54,0.31,0.15,Annotated
M5-IMU-Janice,80.74938344955444,-4.32,7.39,0.66,0.65,1.7,-0.37,Annotated
M5-IMU-Janice,80.80911111831665,2.82,9.87,-0.79,-0.18,-0.76,0.79,Annotated
M5-IMU-Janice,80.93021535873413,2.21,13.64,-1.83,0.92,-0.4,1.61,Annotated
M5-IMU-Janice,81.04929447174072,-1.86,7.72,0.17,0.07,0.19,-0.17,Annotated
M5-IMU-Janice,81.1090919971466,0.42,6.39,0.62,-0.69,-0.67,-2.96,Annotated
M5-IMU-Janice,81.23008632659912,9.13,11.97,-1.67,-1.57,-0.39,-3.62,Annotated
M5-IMU-Janice,81.34999680519104,14.9,11.68,-7.98,-0.45,-0.17,-0.81,Annotated
M5-IMU-Janice,81.40955138206482,-11.36,13.23,6.5,-1.89,4.33,-1.36,Annotated
M5-IMU-Janice,81.52899479866028,7.0,12.0,-3.66,0.62,0.61,1.26,Annotated
M5-IMU-Janice,81.65023374557495,0.93,12.21,-1.43,0.41,0.9,2.04,Annotated
M5-IMU-Janice,81.71026468276978,-0.85,11.66,-0.54,0.41,-0.05,1.92,Annotated
M5-IMU-Janice,81.82898831367493,-10.34,6.18,3.17,-0.28,-1.65,0.13,Annotated
M5-IMU-Janice,81.95005536079407,1.56,6.84,0.23,-0.1,3.36,-1.4,Annotated
M5-IMU-Janice,82.0099937915802,2.51,10.56,0.14,1.4,-0.14,0.6,Annotated
M5-IMU-Janice,82.13010716438293,3.63,12.15,-1.44,0.62,0.28,1.18,Annotated
M5-IMU-Janice,82.24921798706055,-0.77,6.43,0.4,-0.26,0.25,-1.29,Annotated
M5-IMU-Janice,82.31026577949524,2.04,8.12,-0.87,-0.96,-0.03,-3.99,Annotated
M5-IMU-Janice,82.43058824539185,13.45,14.34,-5.16,-0.63,-0.34,-3.2,Annotated
M5-IMU-Janice,82.55036687850952,10.02,11.97,-0.87,0.47,-0.11,1.24,Annotated
M5-IMU-Janice,82.6086483001709,2.58,11.99,0.62,0.59,-0.14,1.65,Annotated
M5-IMU-Janice,82.72879958152771,1.32,11.96,-0.68,0.38,0.8,1.65,Annotated
M5-IMU-Janice,82.84935450553894,-4.7,10.24,-1.33,0.08,0.13,1.1,Annotated
M5-IMU-Janice,82.909353017807,-2.64,9.31,-0.13,-0.04,0.8,-0.23,Annotated
M5-IMU-Janice,83.02897715568542,3.89,9.01,1.81,-0.33,0.85,0.19,Annotated
M5-IMU-Janice,83.14946174621582,5.2,9.56,-1.63,0.15,-0.03,0.04,Annotated
M5-IMU-Janice,83.20929169654846,3.73,10.16,0.2,0.04,-0.13,0.65,Annotated
M5-IMU-Janice,83.3292727470398,0.17,12.74,-0.89,0.35,-0.1,1.43,Annotated
M5-IMU-Janice,83.44977855682373,3.23,8.31,-4.29,0.83,0.31,-0.23,Annotated
M5-IMU-Janice,83.50985383987427,-3.73,5.82,2.02,-0.58,-1.33,-3.27,Annotated
M5-IMU-Janice,83.62944173812866,8.95,13.21,-1.33,-1.57,0.02,-4.37,Annotated
M5-IMU-Janice,83.80924153327942,19.46,13.39,-7.69,0.01,1.4,-0.31,Annotated
M5-IMU-Janice,83.8117311000824,-0.94,11.82,2.64,0.19,0.89,1.08,Annotated
M5-IMU-Janice,83.92952585220337,6.37,11.61,-2.45,0.47,1.12,1.72,Annotated
M5-IMU-Janice,84.04930973052979,-3.65,11.35,0.58,0.08,0.98,1.5,Annotated
M5-IMU-Janice,84.10981106758118,-4.3,9.79,0.49,-0.21,0.87,0.97,Annotated
M5-IMU-Janice,84.22893738746643,5.09,10.61,-4.99,1.23,-4.37,0.06,Annotated
M5-IMU-Janice,84.3494701385498,4.44,9.06,-0.44,0.2,-0.38,0.48,Annotated
M5-IMU-Janice,84.4098482131958,2.15,10.3,0.76,0.44,-0.06,0.91,Annotated
M5-IMU-Janice,84.5295205116272,6.32,10.08,-1.46,0.43,-0.65,1.48,Annotated
M5-IMU-Janice,84.6492908000946,-4.51,5.94,0.41,1.09,0.7,-3.06,Annotated
M5-IMU-Janice,84.70982718467712,12.24,12.6,-13.77,1.32,4.33,-3.93,Unmarked
M5-IMU-Janice,84.83137035369873,-4.06,11.99,18.51,1.36,-3.21,0.26,Unmarked
M5-IMU-Janice,84.95006155967712,3.33,8.11,-3.81,1.72,4.33,-0.6,Unmarked
M5-IMU-Janice,85.01032829284668,-1.61,9.05,-2.19,-0.1,-0.17,-0.97,Unmarked
M5-IMU-Janice,85.12999677658081,-0.35,9.56,-2.18,-0.19,0.9,0.18,Unmarked
M5-IMU-Janice,85.25065898895264,-1.45,9.06,-3.08,-0.08,1.15,0.12,Unmarked
M5-IMU-Janice,85.37135648727417,0.11,9.12,-2.58,0.36,1.57,0.24,Unmarked
M5-IMU-Janice,85.42999815940857,-2.29,13.68,-2.61,1.08,4.33,0.09,Unmarked
M5-IMU-Janice,85.55045318603516,8.0,8.42,7.73,-0.38,4.33,-0.35,Unmarked
M5-IMU-Janice,85.6103298664093,0.77,7.88,2.38,-1.67,1.66,-1.55,Unmarked
M5-IMU-Janice,85.73117756843567,0.4,10.04,-6.9,-1.97,1.47,-1.84,Unmarked
M5-IMU-Janice,85.8501284122467,-4.58,19.46,2.36,1.52,4.33,-0.73,Unmarked
M5-IMU-Janice,85.9097671508789,0.18,11.32,-5.54,1.53,-1.62,-0.7,Unmarked
M5-IMU-Janice,86.03043007850647,1.81,9.96,-1.49,0.68,1.09,0.06,Unmarked
M5-IMU-Janice,86.15039563179016,-0.85,9.53,-1.64,0.3,0.16,0.2,Unmarked
M5-IMU-Janice,86.20926022529602,0.52,9.86,-1.7,0.2,-0.07,0.5,Unmarked
M5-IMU-Janice,86.33123755455017,0.8,10.59,-1.56,0.23,0.26,0.7,Unmarked
M5-IMU-Janice,86.50916385650635,0.01,13.05,-0.54,0.38,0.16,2.07,Unmarked
M5-IMU-Janice,86.5110650062561,-7.25,8.7,-4.8,-0.47,0.66,3.79,Unmarked
M5-IMU-Janice,86.63076829910278,-12.64,3.46,3.1,-2.55,-0.8,-0.68,Unmarked
M5-IMU-Janice,86.75138092041016,-3.88,11.15,-4.99,-2.34,-4.14,-4.37,Unmarked
M5-IMU-Janice,86.8105218410492,19.46,14.43,-19.61,-1.31,-4.37,-1.36,Unmarked
M5-IMU-Janice,86.92941975593567,5.53,18.1,-3.51,-0.31,1.15,1.46,Unmarked
M5-IMU-Janice,87.05077075958252,0.05,9.55,-0.28,-0.16,0.93,-0.21,Unmarked
M5-IMU-Janice,87.11004853248596,-1.18,10.94,-2.63,0.24,0.37,0.05,Unmarked
M5-IMU-Janice,87.23038172721863,-0.02,10.94,-1.33,0.6,-0.61,1.27,Unmarked
M5-IMU-Janice,87.3493173122406,4.24,8.95,-1.8,-1.41,1.31,-2.13,Annotated
M5-IMU-Janice,87.41092038154602,-3.74,4.46,1.36,0.49,-4.37,1.22,Annotated
M5-IMU-Janice,87.5308084487915,1.3,10.48,-2.04,0.08,0.8,0.17,Annotated
M5-IMU-Janice,87.65060806274414,-1.71,9.67,-2.34,0.28,-0.92,0.1,Annotated
M5-IMU-Janice,87.71046590805054,-0.04,10.12,-1.91,0.17,0.26,-0.0,Annotated
M5-IMU-Janice,87.82917428016663,-1.03,9.11,-1.55,0.21,0.22,-0.16,Annotated
M5-IMU-Janice,87.9492084980011,0.09,9.8,-2.57,-0.04,0.07,-0.07,Annotated
M5-IMU-Janice,88.06858921051025,-0.87,9.24,-1.91,-0.1,-0.01,-0.07,Annotated
M5-IMU-Janice,88.12948966026306,-1.01,9.27,-2.41,0.15,-0.52,0.13,Annotated
M5-IMU-Janice,88.24917101860046,0.46,9.97,-2.15,0.13,0.37,-0.01,Annotated
M5-IMU-Janice,88.30918478965759,-2.59,8.98,-2.42,0.05,-0.09,-0.02,Annotated
M5-IMU-Janice,88.42871284484863,-0.87,9.32,-2.46,-0.01,0.17,0.06,Annotated
M5-IMU-Janice,88.55026865005493,-1.3,9.14,-3.24,0.02,0.23,0.1,Annotated
M5-IMU-Janice,88.61086797714233,-0.43,9.56,-2.4,-0.07,-0.18,0.05,Annotated
M5-IMU-Janice,88.72889471054077,-0.31,9.36,-2.38,0.05,0.08,0.01,Annotated
M5-IMU-Janice,88.8497211933136,-0.58,9.49,-2.71,0.09,0.36,-0.06,Annotated
M5-IMU-Janice,88.90925002098083,-0.08,9.51,-2.88,-0.09,-0.04,0.17,Annotated
M5-IMU-Janice,89.09030628204346,-0.06,9.6,-1.85,-0.24,-0.18,-0.05,Annotated
M5-IMU-Janice,89.20943212509155,-0.5,9.37,-2.04,-0.07,-0.16,0.02,Annotated
M5-IMU-Janice,89.21137309074402,-0.24,9.7,-2.33,0.05,-0.02,0.12,Annotated
M5-IMU-Janice,89.33011436462402,-0.36,9.56,-2.32,-0.03,0.01,-0.02,Annotated
M5-IMU-Janice,89.44937300682068,-0.14,9.51,-2.4,-0.03,0.23,0.03,Annotated
M5-IMU-Janice,89.50932955741882,-0.21,9.44,-2.35,0.03,0.07,0.03,Annotated
M5-IMU-Janice,89.62973022460938,-0.12,9.4,-2.43,0.05,-0.02,0.01,Annotated
M5-IMU-Janice,89.74968814849854,-0.42,9.38,-2.4,0.04,-0.12,0.12,Annotated
M5-IMU-Janice,89.86922192573547,-0.22,9.41,-2.55,0.06,-0.26,0.1,Annotated
M5-IMU-Janice,89.92870807647705,-0.23,9.48,-2.53,0.05,0.04,-0.04,Annotated
M5-IMU-Janice,90.04875755310059,-0.17,9.25,-2.46,0.12,0.23,-0.13,Annotated
M5-IMU-Janice,90.16873931884766,-0.0,9.54,-2.49,-0.17,0.26,-0.26,Annotated
M5-IMU-Janice,90.2294819355011,-0.64,9.45,-2.13,-0.18,-0.14,0.01,Annotated
M5-IMU-Janice,90.34940600395203,-0.22,9.7,-2.7,-0.06,-0.24,-0.03,Annotated
M5-IMU-Janice,90.40937042236328,-0.43,9.77,-1.99,-0.15,0.19,-0.28,Annotated
M5-IMU-Janice,90.53000473976135,-1.47,9.17,-1.91,-0.17,-0.21,-0.1,Annotated
M5-IMU-Janice,90.64969611167908,-0.96,9.48,-2.08,-0.02,0.51,0.07,Annotated
M5-IMU-Janice,90.70901465415955,-0.29,9.63,-1.67,-0.04,0.31,-0.06,Annotated
M5-IMU-Janice,90.82900166511536,-0.93,9.4,-2.05,-0.01,0.09,0.04,Annotated
M5-IMU-Janice,90.94991898536682,-0.81,9.48,-2.07,0.01,0.14,0.04,Annotated
M5-IMU-Janice,91.00990104675293,-0.4,9.49,-1.94,0.06,0.2,-0.02,Annotated
M5-IMU-Janice,91.19011330604553,-0.58,9.57,-2.14,-0.01,0.06,-0.0,Unmarked
M5-IMU-Janice,91.24942374229431,-0.5,9.7,-1.96,-0.14,-0.08,-0.15,Unmarked
M5-IMU-Janice,91.30960321426392,-1.39,9.47,-1.78,-0.21,0.01,-0.29,Unmarked
M5-IMU-Janice,91.4303252696991,-0.18,9.92,-1.56,-0.22,-0.3,0.72,Unmarked
M5-IMU-Janice,91.5510790348053,-0.25,9.76,-1.44,-0.42,-0.07,0.72,Unmarked
M5-IMU-Janice,91.61037611961365,0.77,11.82,1.7,-0.71,-0.1,1.36,Unmarked
M5-IMU-Janice,91.72981643676758,-1.24,14.81,-1.09,-1.11,-1.19,2.51,Unmarked
M5-IMU-Janice,91.85033226013184,-5.26,8.58,-7.96,-0.75,-4.15,1.94,Unmarked
M5-IMU-Janice,91.91076231002808,-0.82,3.33,-9.78,0.79,-4.37,-0.72,Unmarked
M5-IMU-Janice,92.03119587898254,-1.38,11.75,-1.88,-2.22,-3.8,-4.32,Unmarked
M5-IMU-Janice,92.15111494064331,18.81,12.97,-19.61,-0.37,-4.37,-0.22,Unmarked
M5-IMU-Janice,92.21056795120239,2.53,7.81,-2.86,3.81,-2.93,1.16,Unmarked
M5-IMU-Janice,92.32912707328796,1.14,9.16,0.57,-0.03,-0.08,0.48,Unmarked
M5-IMU-Janice,92.4490430355072,1.74,9.71,-0.78,0.17,-0.8,0.87,Unmarked
M5-IMU-Janice,92.50934481620789,1.39,9.97,-0.82,-0.12,0.23,0.63,Unmarked
M5-IMU-Janice,92.63175678253174,1.32,10.98,-0.08,-0.36,-0.21,0.85,Unmarked
